date,ishol/week,group,name,quantity,unit_cogs,monthly_Avgtemp,monthly_avg_FeelsLikeC,monthly_avg_HeatIndexC,monthly_avg_cloudcover,monthly_avg_humidity
2018-01-01,9,GROATS_RICE_PASTA,DANIE KACHNY STROGONOW 500 G,1,4,-0.42,-4.84,1,2,82.81
2018-01-01,9,GROATS_RICE_PASTA,FASOLA 400 G P.JAS MALVIT,1,4.13,-0.42,-4.84,1,2,82.81
2018-01-01,9,GROATS_RICE_PASTA,GROCH POLÓWKI 0_5 KG STEFIK,9,1.43,-0.42,-4.84,1,2,82.81
2018-01-01,9,GROATS_RICE_PASTA,GROCH ?Ó?YT CA?Y 400GR CENOS,1,1.04,-0.42,-4.84,1,2,82.81
2018-01-01,9,GROATS_RICE_PASTA,KASZA GRYCZANA 4 X 100G SONKO,2,3.33,-0.42,-4.84,1,2,82.81
2018-01-01,9,GROATS_RICE_PASTA,KASZA JAGLANA 400 G,1,2.43,-0.42,-4.84,1,2,82.81
2018-01-01,9,GROATS_RICE_PASTA,KASZKA MANNA 400 G KROS,7,0.91,-0.42,-4.84,1,2,82.81
2018-01-01,9,GROATS_RICE_PASTA,LAURKA,1,3.65,-0.42,-4.84,1,2,82.81
2018-01-01,9,GROATS_RICE_PASTA,MAK LUBELLA  ZIARNO SWIDERKI 400G,2,2.02,-0.42,-4.84,1,2,82.81
2018-01-01,9,GROATS_RICE_PASTA,MAK LUBELLA KÓLKA MINI 400 G,1,2.36,-0.42,-4.84,1,2,82.81
2018-01-01,9,GROATS_RICE_PASTA,MAK SULMA KOLANKO DUZA 500G,1,2.59,-0.42,-4.84,1,2,82.81
2018-01-01,9,GROATS_RICE_PASTA,MAK SULMA MUSZELKA 100% DURUM,2,2.3,-0.42,-4.84,1,2,82.81
2018-01-01,9,GROATS_RICE_PASTA,MAK SULMA NITKA ROSOLOWA 400G,5,2.13,-0.42,-4.84,1,2,82.81
2018-01-01,9,GROATS_RICE_PASTA,MAK SULMA SWIDEREK DUZY 500G,10,2.35,-0.42,-4.84,1,2,82.81
2018-01-01,9,GROATS_RICE_PASTA,MAK ZLOTY LAN KOLANKO DUZE 500 G,9,0.92,-0.42,-4.84,1,2,82.81
2018-01-01,9,GROATS_RICE_PASTA,MAK ZLOTY LAN MUSZELKA 500 G,2,0.89,-0.42,-4.84,1,2,82.81
2018-01-01,9,GROATS_RICE_PASTA,MAK ZLOTY LAN NITKA DOMOWA 250,8,0.96,-0.42,-4.84,1,2,82.81
2018-01-01,9,GROATS_RICE_PASTA,MAK.ABAK ZACIERKA BABUNI 250G,1,1.52,-0.42,-4.84,1,2,82.81
2018-01-01,9,GROATS_RICE_PASTA,MAK.LUBELLA SWIDER 500 G,4,2.31,-0.42,-4.84,1,2,82.81
2018-01-01,9,GROATS_RICE_PASTA,MAKA KOSZALINSKA  STOISLAW 1KG,11,1.72,-0.42,-4.84,1,2,82.81
2018-01-01,9,GROATS_RICE_PASTA,MAKA KRUPCZATKA  ZLOTY LAN TYP 450 1KG,4,1.66,-0.42,-4.84,1,2,82.81
2018-01-01,9,GROATS_RICE_PASTA,MAKA KRUPCZATKA 1KG STOISLAW,3,1.96,-0.42,-4.84,1,2,82.81
2018-01-01,9,GROATS_RICE_PASTA,MAKA LUKSUSOWA ZLOTY LAN TYP 550 1KG,1,1.09,-0.42,-4.84,1,2,82.81
2018-01-01,9,GROATS_RICE_PASTA,MAKA POZNANSKA 1 KG STOISLAW,2,1.66,-0.42,-4.84,1,2,82.81
2018-01-01,9,GROATS_RICE_PASTA,MAKA TORTOWA 1KG STOISLAW,28,1.96,-0.42,-4.84,1,2,82.81
2018-01-01,9,GROATS_RICE_PASTA,MAKA TORTOWA BASIA 1 KG,14,1.81,-0.42,-4.84,1,2,82.81
2018-01-01,9,GROATS_RICE_PASTA,MAKA WROCLAWSKA 1KG STOISLAW,1,1.72,-0.42,-4.84,1,2,82.81
2018-01-01,9,GROATS_RICE_PASTA,MAKA WROCLAWSKA BASIA 1 KG,4,1.81,-0.42,-4.84,1,2,82.81
2018-01-01,9,GROATS_RICE_PASTA,MAKA WROCLAWSKA ZLOTY LAN TYP 500 1KG,5,1.11,-0.42,-4.84,1,2,82.81
2018-01-01,9,GROATS_RICE_PASTA,MAKA ZIEMNIACZANA 1KG,4,3.34,-0.42,-4.84,1,2,82.81
2018-01-01,9,GROATS_RICE_PASTA,MAKARON ABAK BABUNI 250G 2 JAJ,13,1.57,-0.42,-4.84,1,2,82.81
2018-01-01,9,GROATS_RICE_PASTA,MAKARON CZANIECKI 250G SWOJSKI,47,1.93,-0.42,-4.84,1,2,82.81
2018-01-01,9,GROATS_RICE_PASTA,MAKARON CZANIECKI GNIAZDKO 2,1,4.02,-0.42,-4.84,1,2,82.81
2018-01-01,9,GROATS_RICE_PASTA,MAKARON CZANIECKI NITKA WALCOWANA 500G,3,3.98,-0.42,-4.84,1,2,82.81
2018-01-01,9,GROATS_RICE_PASTA,MAKARON CZANIECKI RYZOWY 250 G,6,2.17,-0.42,-4.84,1,2,82.81
2018-01-01,9,GROATS_RICE_PASTA,MAKARON IRWEGA 500 G RURKA,1,1.59,-0.42,-4.84,1,2,82.81
2018-01-01,9,GROATS_RICE_PASTA,MAKARON IRWEGA 500G KOLANKO,2,1.59,-0.42,-4.84,1,2,82.81
2018-01-01,9,GROATS_RICE_PASTA,MAKARON LASAGNE 500G LUBELLA,2,6.13,-0.42,-4.84,1,2,82.81
2018-01-01,9,GROATS_RICE_PASTA,MAKARON LUBELLA MUSZELKA DROBNA,4,2.4,-0.42,-4.84,1,2,82.81
2018-01-01,9,GROATS_RICE_PASTA,MAKARON NADODRZANSKI SWID.MA?Y 400G,3,1.43,-0.42,-4.84,1,2,82.81
2018-01-01,9,GROATS_RICE_PASTA,MAKARON POLSKIE MLYNY 500G PENNE DURUM,3,3,-0.42,-4.84,1,2,82.81
2018-01-01,9,GROATS_RICE_PASTA,MAKARON SARITA SWIDEREK 400G,3,2,-0.42,-4.84,1,2,82.81
2018-01-01,9,GROATS_RICE_PASTA,MAKARON SULMA GNIAZDKA 400G,5,2.02,-0.42,-4.84,1,2,82.81
2018-01-01,9,GROATS_RICE_PASTA,MAKARON SULMA LAZANKA 500 G,1,2.59,-0.42,-4.84,1,2,82.81
2018-01-01,9,GROATS_RICE_PASTA,MAKARON SWIDEREK 400 G DOBRY,1,0.95,-0.42,-4.84,1,2,82.81
2018-01-01,9,GROATS_RICE_PASTA,MAKARON TRADYCYJNY 250 G KLUSECZKI,4,1.76,-0.42,-4.84,1,2,82.81
2018-01-01,9,GROATS_RICE_PASTA,MUSZTARDA DEVELEY 210 G SAREPSKA,2,0.92,-0.42,-4.84,1,2,82.81
2018-01-01,9,GROATS_RICE_PASTA,MUSZTARDA DEVELEY 210 G STO?OWA,4,0.92,-0.42,-4.84,1,2,82.81
2018-01-01,9,GROATS_RICE_PASTA,RYZ BRAZOWY 4*100G SARITA,4,1.66,-0.42,-4.84,1,2,82.81
2018-01-01,9,GROATS_RICE_PASTA,RYZ SARITA BIALY DLUGOZIAR. 4x100G KAR,4,1.4,-0.42,-4.84,1,2,82.81
2018-01-01,9,GROATS_RICE_PASTA,RYZ SARITA BIALY PARABOILED 4x100G KAR.,3,1.66,-0.42,-4.84,1,2,82.81
2018-01-01,9,GROATS_RICE_PASTA,RYZ SONKO  4X100G,24,1.8,-0.42,-4.84,1,2,82.81
2018-01-01,9,GROATS_RICE_PASTA,RYZ SONKO 4X100 PARABOLICZNY,4,2.32,-0.42,-4.84,1,2,82.81
2018-01-01,9,GROATS_RICE_PASTA,SONKO KASZA JECZMIENNA 4X100G WIEJSKA,10,1.16,-0.42,-4.84,1,2,82.81
2018-01-01,9,GROATS_RICE_PASTA,SONKO KASZA JECZMIENNA PERLOWA 4*100G,11,1.16,-0.42,-4.84,1,2,82.81
2018-01-01,9,GROATS_RICE_PASTA,WIN ZUPA BOROWIKOWA 45 G,3,2.13,-0.42,-4.84,1,2,82.81
2018-01-02,8,GROATS_RICE_PASTA,CYKORIA SOS BIALY 25 G,3,1.01,-3.29,-7.61,0,2,76.04
2018-01-02,8,GROATS_RICE_PASTA,DANIE KACHNY STROGONOW 500 G,1,4,-3.29,-7.61,0,2,76.04
2018-01-02,8,GROATS_RICE_PASTA,GROCH POLÓWKI 0_5 KG STEFIK,5,1.43,-3.29,-7.61,0,2,76.04
2018-01-02,8,GROATS_RICE_PASTA,MAK LUBELLA  ZIARNO SWIDERKI 400G,3,2.24333333333333,-3.29,-7.61,0,2,76.04
2018-01-02,8,GROATS_RICE_PASTA,MAK LUBELLA JAJE WSTAZKA 400G,1,3.75,-3.29,-7.61,0,2,76.04
2018-01-02,8,GROATS_RICE_PASTA,MAK LUBELLA KÓLKA MINI 400 G,2,2.36,-3.29,-7.61,0,2,76.04
2018-01-02,8,GROATS_RICE_PASTA,MAK SULMA NITKA ROSOLOWA 400G,2,2.02,-3.29,-7.61,0,2,76.04
2018-01-02,8,GROATS_RICE_PASTA,MAK SULMA NITKA SPAGHETTI 500G,2,2.74,-3.29,-7.61,0,2,76.04
2018-01-02,8,GROATS_RICE_PASTA,MAK SULMA SWIDEREK DUZY 500G,4,2.35,-3.29,-7.61,0,2,76.04
2018-01-02,8,GROATS_RICE_PASTA,MAK ZLOTY LAN 500G  PENE,4,1.02,-3.29,-7.61,0,2,76.04
2018-01-02,8,GROATS_RICE_PASTA,MAK ZLOTY LAN KOLANKO DUZE 500 G,8,0.92,-3.29,-7.61,0,2,76.04
2018-01-02,8,GROATS_RICE_PASTA,MAK ZLOTY LAN MUSZELKA 500 G,7,0.89,-3.29,-7.61,0,2,76.04
2018-01-02,8,GROATS_RICE_PASTA,MAK ZLOTY LAN NITKA DOMOWA 250,10,1.008,-3.29,-7.61,0,2,76.04
2018-01-02,8,GROATS_RICE_PASTA,MAK.ABAK ZACIERKA BABUNI 250G,2,1.52,-3.29,-7.61,0,2,76.04
2018-01-02,8,GROATS_RICE_PASTA,MAK.LUBELLA SWIDER 500 G,6,2.31,-3.29,-7.61,0,2,76.04
2018-01-02,8,GROATS_RICE_PASTA,MAKA KOSZALINSKA  STOISLAW 1KG,11,1.72,-3.29,-7.61,0,2,76.04
2018-01-02,8,GROATS_RICE_PASTA,MAKA KRUPCZATKA  ZLOTY LAN TYP 450 1KG,2,1.66,-3.29,-7.61,0,2,76.04
2018-01-02,8,GROATS_RICE_PASTA,MAKA KRUPCZATKA 1KG STOISLAW,8,1.96,-3.29,-7.61,0,2,76.04
2018-01-02,8,GROATS_RICE_PASTA,MAKA TORTOWA 1KG STOISLAW,15,1.96,-3.29,-7.61,0,2,76.04
2018-01-02,8,GROATS_RICE_PASTA,MAKA TORTOWA BASIA 1 KG,7,1.81,-3.29,-7.61,0,2,76.04
2018-01-02,8,GROATS_RICE_PASTA,MAKA WROCLAWSKA 1KG STOISLAW,10,1.72,-3.29,-7.61,0,2,76.04
2018-01-02,8,GROATS_RICE_PASTA,MAKA WROCLAWSKA BASIA 1 KG,1,1.81,-3.29,-7.61,0,2,76.04
2018-01-02,8,GROATS_RICE_PASTA,MAKA WROCLAWSKA ZLOTY LAN TYP 500 1KG,2,1.16,-3.29,-7.61,0,2,76.04
2018-01-02,8,GROATS_RICE_PASTA,MAKA ZIEMNIACZANA 1KG,2,3.34,-3.29,-7.61,0,2,76.04
2018-01-02,8,GROATS_RICE_PASTA,MAKARON ABAK BABUNI 250G 2 JAJ,18,1.57,-3.29,-7.61,0,2,76.04
2018-01-02,8,GROATS_RICE_PASTA,MAKARON CZANIECKI 250G SWOJSKI,40,1.8965,-3.29,-7.61,0,2,76.04
2018-01-02,8,GROATS_RICE_PASTA,MAKARON CZANIECKI GNIAZDKO 2,3,3.94666666666667,-3.29,-7.61,0,2,76.04
2018-01-02,8,GROATS_RICE_PASTA,MAKARON CZANIECKI NITKA WALCOWANA 500G,3,3.98,-3.29,-7.61,0,2,76.04
2018-01-02,8,GROATS_RICE_PASTA,MAKARON CZANIECKI RYZOWY 250 G,1,2.28,-3.29,-7.61,0,2,76.04
2018-01-02,8,GROATS_RICE_PASTA,MAKARON GOLIARD 400G NITKA,2,2.4,-3.29,-7.61,0,2,76.04
2018-01-02,8,GROATS_RICE_PASTA,MAKARON IRWEGA 500G KOLANKO,3,1.59,-3.29,-7.61,0,2,76.04
2018-01-02,8,GROATS_RICE_PASTA,MAKARON POL MLYN 500 G NITKA DURUM,1,3,-3.29,-7.61,0,2,76.04
2018-01-02,8,GROATS_RICE_PASTA,MAKARON POL MLYN 500 G SWIDEREK DURUM,3,3,-3.29,-7.61,0,2,76.04
2018-01-02,8,GROATS_RICE_PASTA,MAKARON POLSKIE MLYNY 500G PENNE DURUM,4,3,-3.29,-7.61,0,2,76.04
2018-01-02,8,GROATS_RICE_PASTA,MAKARON SARITA SWIDEREK 400G,6,2,-3.29,-7.61,0,2,76.04
2018-01-02,8,GROATS_RICE_PASTA,MAKARON SULMA GNIAZDKA 400G,2,2.02,-3.29,-7.61,0,2,76.04
2018-01-02,8,GROATS_RICE_PASTA,MAKARON SULMA LAZANKA 500 G,1,2.59,-3.29,-7.61,0,2,76.04
2018-01-02,8,GROATS_RICE_PASTA,MUSZTARDA DEVELEY 210 G SAREPSKA,2,0.92,-3.29,-7.61,0,2,76.04
2018-01-02,8,GROATS_RICE_PASTA,MUSZTARDA DEVELEY 210 G STO?OWA,1,0.92,-3.29,-7.61,0,2,76.04
2018-01-02,8,GROATS_RICE_PASTA,ORZESZKI SOLONE 40 G,1,0.72,-3.29,-7.61,0,2,76.04
2018-01-02,8,GROATS_RICE_PASTA,RYZ BRAZOWY 4*100G SARITA,1,1.66,-3.29,-7.61,0,2,76.04
2018-01-02,8,GROATS_RICE_PASTA,RYZ SARITA BIALY DLUGOZIAR. 4x100G KAR,1,1.4,-3.29,-7.61,0,2,76.04
2018-01-02,8,GROATS_RICE_PASTA,RYZ SARITA BIALY PARABOILED 4x100G KAR.,4,1.66,-3.29,-7.61,0,2,76.04
2018-01-02,8,GROATS_RICE_PASTA,RYZ SONKO  4X100G,21,1.78571428571429,-3.29,-7.61,0,2,76.04
2018-01-02,8,GROATS_RICE_PASTA,RYZ SONKO 4X100 PARABOLICZNY,4,2.32,-3.29,-7.61,0,2,76.04
2018-01-02,8,GROATS_RICE_PASTA,SONKO KASZA JECZMIENNA 4X100G WIEJSKA,7,1.16,-3.29,-7.61,0,2,76.04
2018-01-02,8,GROATS_RICE_PASTA,SONKO KASZA JECZMIENNA PERLOWA 4*100G,6,1.16,-3.29,-7.61,0,2,76.04
2018-01-02,8,GROATS_RICE_PASTA,WAFLE SUNNY 60G Z CEBULA,3,1.87,-3.29,-7.61,0,2,76.04
2018-01-02,8,GROATS_RICE_PASTA,WIN SOS CURRY350 ML TUBA,2,5.16,-3.29,-7.61,0,2,76.04
2018-01-02,8,GROATS_RICE_PASTA,WIN SOS ZIOLOWY 350 ML TUBA,2,5.16,-3.29,-7.61,0,2,76.04
2018-01-02,8,GROATS_RICE_PASTA,WIN ZUPA BOROWIKOWA 45 G,3,2.13,-3.29,-7.61,0,2,76.04
2018-01-03,9,GROATS_RICE_PASTA,CYKORIA SOS BIALY 25 G,3,1.01,0.165,-4.03,1,2,73.23
2018-01-03,9,GROATS_RICE_PASTA,GROCH POLÓWKI 0_5 KG STEFIK,2,1.43,0.165,-4.03,1,2,73.23
2018-01-03,9,GROATS_RICE_PASTA,KASZA JAGLANA 400 G,1,2.43,0.165,-4.03,1,2,73.23
2018-01-03,9,GROATS_RICE_PASTA,KASZKA MANNA 400 G KROS,3,0.92,0.165,-4.03,1,2,73.23
2018-01-03,9,GROATS_RICE_PASTA,KT ORZECH ZIEMNY LUZ,0.16,7.625,0.165,-4.03,1,2,73.23
2018-01-03,9,GROATS_RICE_PASTA,MAK LUBELLA  ZIARNO SWIDERKI 400G,5,2.69,0.165,-4.03,1,2,73.23
2018-01-03,9,GROATS_RICE_PASTA,MAK LUBELLA JAJE WSTAZKA 400G,7,3.75,0.165,-4.03,1,2,73.23
2018-01-03,9,GROATS_RICE_PASTA,MAK LUBELLA KÓLKA MINI 400 G,1,2.36,0.165,-4.03,1,2,73.23
2018-01-03,9,GROATS_RICE_PASTA,MAK SULMA NITKA ROSOLOWA 400G,3,2.02,0.165,-4.03,1,2,73.23
2018-01-03,9,GROATS_RICE_PASTA,MAK SULMA NITKA SPAGHETTI 500G,8,2.695,0.165,-4.03,1,2,73.23
2018-01-03,9,GROATS_RICE_PASTA,MAK ZLOTY LAN 500G  PENE,7,1.02,0.165,-4.03,1,2,73.23
2018-01-03,9,GROATS_RICE_PASTA,MAK ZLOTY LAN KOLANKO DUZE 500 G,1,0.92,0.165,-4.03,1,2,73.23
2018-01-03,9,GROATS_RICE_PASTA,MAK ZLOTY LAN MUSZELKA 500 G,6,0.89,0.165,-4.03,1,2,73.23
2018-01-03,9,GROATS_RICE_PASTA,MAK ZLOTY LAN NITKA DOMOWA 250,21,1.02,0.165,-4.03,1,2,73.23
2018-01-03,9,GROATS_RICE_PASTA,MAK ZLOTY LAN SWIDERKI 500 G,6,1.09,0.165,-4.03,1,2,73.23
2018-01-03,9,GROATS_RICE_PASTA,MAK.LUBELLA FALA 400G,6,2.34,0.165,-4.03,1,2,73.23
2018-01-03,9,GROATS_RICE_PASTA,MAK.LUBELLA SWIDER 500 G,8,2.31,0.165,-4.03,1,2,73.23
2018-01-03,9,GROATS_RICE_PASTA,MAKA KOSZALINSKA  STOISLAW 1KG,18,1.72,0.165,-4.03,1,2,73.23
2018-01-03,9,GROATS_RICE_PASTA,MAKA KRUPCZATKA 1KG STOISLAW,6,1.96,0.165,-4.03,1,2,73.23
2018-01-03,9,GROATS_RICE_PASTA,MAKA TORTOWA 1KG STOISLAW,24,1.96,0.165,-4.03,1,2,73.23
2018-01-03,9,GROATS_RICE_PASTA,MAKA TORTOWA BASIA 1 KG,4,1.59,0.165,-4.03,1,2,73.23
2018-01-03,9,GROATS_RICE_PASTA,MAKA WROCLAWSKA 1KG STOISLAW,8,1.72,0.165,-4.03,1,2,73.23
2018-01-03,9,GROATS_RICE_PASTA,MAKA WROCLAWSKA BASIA 1 KG,2,1.93,0.165,-4.03,1,2,73.23
2018-01-03,9,GROATS_RICE_PASTA,MAKA WROCLAWSKA ZLOTY LAN TYP 500 1KG,5,1.21,0.165,-4.03,1,2,73.23
2018-01-03,9,GROATS_RICE_PASTA,MAKA ZIEMNIACZANA 1KG,1,3.34,0.165,-4.03,1,2,73.23
2018-01-03,9,GROATS_RICE_PASTA,MAKA ZIEMNIACZANA 500G NIECHLOW,3,1.52,0.165,-4.03,1,2,73.23
2018-01-03,9,GROATS_RICE_PASTA,MAKARON ABAK BABUNI 250G 2 JAJ,6,1.57,0.165,-4.03,1,2,73.23
2018-01-03,9,GROATS_RICE_PASTA,MAKARON CZANIECKI 250 G NITECZKA WALCOW,9,2.39,0.165,-4.03,1,2,73.23
2018-01-03,9,GROATS_RICE_PASTA,MAKARON CZANIECKI 250G SWOJSKI,50,1.9944,0.165,-4.03,1,2,73.23
2018-01-03,9,GROATS_RICE_PASTA,MAKARON CZANIECKI GNIAZDKO 2,9,3.98444444444444,0.165,-4.03,1,2,73.23
2018-01-03,9,GROATS_RICE_PASTA,MAKARON CZANIECKI NITKA WALCOWANA 500G,1,3.98,0.165,-4.03,1,2,73.23
2018-01-03,9,GROATS_RICE_PASTA,MAKARON CZANIECKI RYZOWY 250 G,13,2.28923076923077,0.165,-4.03,1,2,73.23
2018-01-03,9,GROATS_RICE_PASTA,MAKARON GOLIARD 400G NITKA,3,2.4,0.165,-4.03,1,2,73.23
2018-01-03,9,GROATS_RICE_PASTA,MAKARON IRWEGA 500G KOLANKO,2,1.59,0.165,-4.03,1,2,73.23
2018-01-03,9,GROATS_RICE_PASTA,MAKARON LUBELLA  KOLANKO OZDOBNE 500G,2,2.43,0.165,-4.03,1,2,73.23
2018-01-03,9,GROATS_RICE_PASTA,MAKARON POL MLYN 500 G NITKA DURUM,2,3,0.165,-4.03,1,2,73.23
2018-01-03,9,GROATS_RICE_PASTA,MAKARON SARITA SWIDEREK 400G,5,2,0.165,-4.03,1,2,73.23
2018-01-03,9,GROATS_RICE_PASTA,MAKARON SPAGHETI 400G SULMA,8,1.49375,0.165,-4.03,1,2,73.23
2018-01-03,9,GROATS_RICE_PASTA,MAKARON SULMA GNIAZDKA 400G,1,2.02,0.165,-4.03,1,2,73.23
2018-01-03,9,GROATS_RICE_PASTA,MAKARON SULMA LAZANKA 500 G,6,2.59,0.165,-4.03,1,2,73.23
2018-01-03,9,GROATS_RICE_PASTA,MUSZTARDA DEVELEY 210 G SAREPSKA,2,0.92,0.165,-4.03,1,2,73.23
2018-01-03,9,GROATS_RICE_PASTA,ORZESZKI SOLONE 40 G,7,0.72,0.165,-4.03,1,2,73.23
2018-01-03,9,GROATS_RICE_PASTA,ROGAL 7 DAYS ORZECH,1,0.99,0.165,-4.03,1,2,73.23
2018-01-03,9,GROATS_RICE_PASTA,RYZ BRAZOWY 4*100G SARITA,2,1.66,0.165,-4.03,1,2,73.23
2018-01-03,9,GROATS_RICE_PASTA,RYZ SARITA BIALY DLUGOZIAR. 4x100G KAR,3,1.4,0.165,-4.03,1,2,73.23
2018-01-03,9,GROATS_RICE_PASTA,RYZ SARITA BIALY PARABOILED 4x100G KAR.,1,1.66,0.165,-4.03,1,2,73.23
2018-01-03,9,GROATS_RICE_PASTA,RYZ SONKO  4X100G,18,1.83,0.165,-4.03,1,2,73.23
2018-01-03,9,GROATS_RICE_PASTA,RYZ SONKO 4X100 PARABOLICZNY,3,2.26333333333333,0.165,-4.03,1,2,73.23
2018-01-03,9,GROATS_RICE_PASTA,RYZ SONKO BRAZOWY 4X100 GR,1,1.76,0.165,-4.03,1,2,73.23
2018-01-03,9,GROATS_RICE_PASTA,SONKO KASZA JECZMIENNA 4X100G WIEJSKA,21,1.18,0.165,-4.03,1,2,73.23
2018-01-03,9,GROATS_RICE_PASTA,SONKO KASZA JECZMIENNA PERLOWA 4*100G,3,1.18,0.165,-4.03,1,2,73.23
2018-01-03,9,GROATS_RICE_PASTA,TORTELINO 250 G Z MIESEM,1,4.58,0.165,-4.03,1,2,73.23
2018-01-03,9,GROATS_RICE_PASTA,WAFLE SUNNY 60G Z CEBULA,1,1.87,0.165,-4.03,1,2,73.23
2018-01-04,10,GROATS_RICE_PASTA,BOBOVITA KASZKA WIELOOWOCOWA 230 G,1,6.93,12.08,10.37,1,1,72.47
2018-01-04,10,GROATS_RICE_PASTA,CYKORIA SOS BIALY 25 G,1,1.01,12.08,10.37,1,1,72.47
2018-01-04,10,GROATS_RICE_PASTA,HERBATNIKI PETIT BEURRE 65 G,5,0.59,12.08,10.37,1,1,72.47
2018-01-04,10,GROATS_RICE_PASTA,KASZA GRYCZANA 4 X 100G SONKO,1,3.33,12.08,10.37,1,1,72.47
2018-01-04,10,GROATS_RICE_PASTA,KASZA ORKISZOWA 4*100G,1,2.81,12.08,10.37,1,1,72.47
2018-01-04,10,GROATS_RICE_PASTA,KASZKA MANNA 400 G KROS,1,0.92,12.08,10.37,1,1,72.47
2018-01-04,10,GROATS_RICE_PASTA,MAK LUBELLA  ZIARNO SWIDERKI 400G,3,2.69,12.08,10.37,1,1,72.47
2018-01-04,10,GROATS_RICE_PASTA,MAK SULMA NITKA ROSOLOWA 400G,3,2.02,12.08,10.37,1,1,72.47
2018-01-04,10,GROATS_RICE_PASTA,MAK SULMA NITKA SPAGHETTI 500G,2,2.62,12.08,10.37,1,1,72.47
2018-01-04,10,GROATS_RICE_PASTA,MAK ZLOTY LAN 500G  PENE,9,1.02,12.08,10.37,1,1,72.47
2018-01-04,10,GROATS_RICE_PASTA,MAK ZLOTY LAN MUSZELKA 500 G,1,0.89,12.08,10.37,1,1,72.47
2018-01-04,10,GROATS_RICE_PASTA,MAK ZLOTY LAN NITKA DOMOWA 250,21,1.02,12.08,10.37,1,1,72.47
2018-01-04,10,GROATS_RICE_PASTA,MAK ZLOTY LAN SWIDEREK 400G,4,1.31,12.08,10.37,1,1,72.47
2018-01-04,10,GROATS_RICE_PASTA,MAK ZLOTY LAN SWIDERKI 500 G,3,1.09,12.08,10.37,1,1,72.47
2018-01-04,10,GROATS_RICE_PASTA,MAK.LUBELLA FALA 400G,4,2.34,12.08,10.37,1,1,72.47
2018-01-04,10,GROATS_RICE_PASTA,MAKA BASIA TORTOWA 900 G ORKISZOWA,1,5.63,12.08,10.37,1,1,72.47
2018-01-04,10,GROATS_RICE_PASTA,MAKA KOSZALINSKA  STOISLAW 1KG,3,1.72,12.08,10.37,1,1,72.47
2018-01-04,10,GROATS_RICE_PASTA,MAKA KRUPCZATKA 1KG STOISLAW,2,1.96,12.08,10.37,1,1,72.47
2018-01-04,10,GROATS_RICE_PASTA,MAKA KRUPCZATKA BASIA 1 KG,2,1.93,12.08,10.37,1,1,72.47
2018-01-04,10,GROATS_RICE_PASTA,MAKA TORTOWA 1KG STOISLAW,11,1.96,12.08,10.37,1,1,72.47
2018-01-04,10,GROATS_RICE_PASTA,MAKA TORTOWA BASIA 1 KG,10,1.59,12.08,10.37,1,1,72.47
2018-01-04,10,GROATS_RICE_PASTA,MAKA WROCLAWSKA 1KG STOISLAW,5,1.72,12.08,10.37,1,1,72.47
2018-01-04,10,GROATS_RICE_PASTA,MAKA WROCLAWSKA BASIA 1 KG,5,1.93,12.08,10.37,1,1,72.47
2018-01-04,10,GROATS_RICE_PASTA,MAKA WROCLAWSKA ZLOTY LAN TYP 500 1KG,4,1.21,12.08,10.37,1,1,72.47
2018-01-04,10,GROATS_RICE_PASTA,MAKA ZIEMNIACZANA 500G NIECHLOW,5,1.52,12.08,10.37,1,1,72.47
2018-01-04,10,GROATS_RICE_PASTA,MAKARON ABAK BABUNI 250G 2 JAJ,7,1.57,12.08,10.37,1,1,72.47
2018-01-04,10,GROATS_RICE_PASTA,MAKARON CZANIECKI 250 G NITECZKA WALCOW,2,2.39,12.08,10.37,1,1,72.47
2018-01-04,10,GROATS_RICE_PASTA,MAKARON CZANIECKI 250G SWOJSKI,19,2.05,12.08,10.37,1,1,72.47
2018-01-04,10,GROATS_RICE_PASTA,MAKARON CZANIECKI GNIAZDKO 2,2,4.08,12.08,10.37,1,1,72.47
2018-01-04,10,GROATS_RICE_PASTA,MAKARON CZANIECKI NITKA WALCOWANA 500G,3,3.98,12.08,10.37,1,1,72.47
2018-01-04,10,GROATS_RICE_PASTA,MAKARON CZANIECKI RYZOWY 250 G,11,2.29818181818182,12.08,10.37,1,1,72.47
2018-01-04,10,GROATS_RICE_PASTA,MAKARON GWIAZDKI CZANIEC 250 G,1,1.09,12.08,10.37,1,1,72.47
2018-01-04,10,GROATS_RICE_PASTA,MAKARON KOLECZKI 250 G CZANIEC,1,1.09,12.08,10.37,1,1,72.47
2018-01-04,10,GROATS_RICE_PASTA,MAKARON LUBELL  LAZANKA  500G,1,2.24,12.08,10.37,1,1,72.47
2018-01-04,10,GROATS_RICE_PASTA,MAKARON LUBELLA  KOLANKO OZDOBNE 500G,3,2.43,12.08,10.37,1,1,72.47
2018-01-04,10,GROATS_RICE_PASTA,MAKARON NADODRZANSKI SWID.MA?Y 400G,16,1.49,12.08,10.37,1,1,72.47
2018-01-04,10,GROATS_RICE_PASTA,MAKARON POL MLYN 500 G NITKA DURUM,1,3,12.08,10.37,1,1,72.47
2018-01-04,10,GROATS_RICE_PASTA,MAKARON SPAGHETI 400G SULMA,8,1.4,12.08,10.37,1,1,72.47
2018-01-04,10,GROATS_RICE_PASTA,MAKARON SULMA GNIAZDKA 400G,1,2.02,12.08,10.37,1,1,72.47
2018-01-04,10,GROATS_RICE_PASTA,MAKARON SULMA LAZANKA 500 G,1,2.59,12.08,10.37,1,1,72.47
2018-01-04,10,GROATS_RICE_PASTA,MAKARON SULMA ZWIERZATKA 400 G,1,1.39,12.08,10.37,1,1,72.47
2018-01-04,10,GROATS_RICE_PASTA,ROGAL 7 DAYS ORZECH,9,0.99,12.08,10.37,1,1,72.47
2018-01-04,10,GROATS_RICE_PASTA,RYZ BRAZOWY 4*100G SARITA,2,1.66,12.08,10.37,1,1,72.47
2018-01-04,10,GROATS_RICE_PASTA,RYZ SARITA BIALY DLUGOZIAR. 4x100G KAR,1,1.4,12.08,10.37,1,1,72.47
2018-01-04,10,GROATS_RICE_PASTA,RYZ SARITA BIALY PARABOILED 4x100G KAR.,2,1.66,12.08,10.37,1,1,72.47
2018-01-04,10,GROATS_RICE_PASTA,RYZ SONKO  4X100G,15,1.83,12.08,10.37,1,1,72.47
2018-01-04,10,GROATS_RICE_PASTA,RYZ SONKO 4X100 PARABOLICZNY,5,2.15,12.08,10.37,1,1,72.47
2018-01-04,10,GROATS_RICE_PASTA,SONKO KASZA JECZMIENNA 4X100G WIEJSKA,9,1.18,12.08,10.37,1,1,72.47
2018-01-04,10,GROATS_RICE_PASTA,SONKO KASZA JECZMIENNA PERLOWA 4*100G,6,1.18,12.08,10.37,1,1,72.47
2018-01-04,10,GROATS_RICE_PASTA,SOS SPAGHETI SMIET+POMID DAWTON,2,2.67,12.08,10.37,1,1,72.47
2018-01-04,10,GROATS_RICE_PASTA,SULMA WSTAZKA GNIAZDO 400G,1,2.28,12.08,10.37,1,1,72.47
2018-01-05,11,GROATS_RICE_PASTA,CYKORIA SOS BIALY 25 G,5,1.01,15.965,15.42,2,0,73.23
2018-01-05,11,GROATS_RICE_PASTA,KASZA GRYCZANA 4 X 100G SONKO,2,3.33,15.965,15.42,2,0,73.23
2018-01-05,11,GROATS_RICE_PASTA,KASZA ORKISZOWA 4*100G,2,2.81,15.965,15.42,2,0,73.23
2018-01-05,11,GROATS_RICE_PASTA,KASZKA MANNA 400 G KROS,2,0.92,15.965,15.42,2,0,73.23
2018-01-05,11,GROATS_RICE_PASTA,MAK LUBELLA  ZIARNO SWIDERKI 400G,1,2.69,15.965,15.42,2,0,73.23
2018-01-05,11,GROATS_RICE_PASTA,MAK SULMA NITKA ROSOLOWA 400G,7,2.02,15.965,15.42,2,0,73.23
2018-01-05,11,GROATS_RICE_PASTA,MAK SULMA NITKA SPAGHETTI 500G,5,2.62,15.965,15.42,2,0,73.23
2018-01-05,11,GROATS_RICE_PASTA,MAK SULMA SWIDEREK DUZY 500G,4,2.44,15.965,15.42,2,0,73.23
2018-01-05,11,GROATS_RICE_PASTA,MAK ZLOTY LAN 500G  PENE,6,1.02,15.965,15.42,2,0,73.23
2018-01-05,11,GROATS_RICE_PASTA,MAK ZLOTY LAN MUSZELKA 500 G,8,0.89,15.965,15.42,2,0,73.23
2018-01-05,11,GROATS_RICE_PASTA,MAK ZLOTY LAN NITKA DOMOWA 250,11,1.02,15.965,15.42,2,0,73.23
2018-01-05,11,GROATS_RICE_PASTA,MAK ZLOTY LAN SWIDEREK 400G,6,1.31,15.965,15.42,2,0,73.23
2018-01-05,11,GROATS_RICE_PASTA,MAK ZLOTY LAN SWIDERKI 500 G,11,1.09,15.965,15.42,2,0,73.23
2018-01-05,11,GROATS_RICE_PASTA,MAKA KOSZALINSKA  STOISLAW 1KG,11,1.72,15.965,15.42,2,0,73.23
2018-01-05,11,GROATS_RICE_PASTA,MAKA KRUPCZATKA 1KG STOISLAW,1,1.96,15.965,15.42,2,0,73.23
2018-01-05,11,GROATS_RICE_PASTA,MAKA KRUPCZATKA BASIA 1 KG,2,1.93,15.965,15.42,2,0,73.23
2018-01-05,11,GROATS_RICE_PASTA,MAKA TORTOWA 1KG STOISLAW,7,1.96,15.965,15.42,2,0,73.23
2018-01-05,11,GROATS_RICE_PASTA,MAKA TORTOWA BASIA 1 KG,18,1.59,15.965,15.42,2,0,73.23
2018-01-05,11,GROATS_RICE_PASTA,MAKA WROCLAWSKA 1KG STOISLAW,7,1.72,15.965,15.42,2,0,73.23
2018-01-05,11,GROATS_RICE_PASTA,MAKA WROCLAWSKA BASIA 1 KG,10,1.93,15.965,15.42,2,0,73.23
2018-01-05,11,GROATS_RICE_PASTA,MAKA WROCLAWSKA ZLOTY LAN TYP 500 1KG,12,1.21,15.965,15.42,2,0,73.23
2018-01-05,11,GROATS_RICE_PASTA,MAKA ZIEMNIACZANA 500G NIECHLOW,2,1.52,15.965,15.42,2,0,73.23
2018-01-05,11,GROATS_RICE_PASTA,MAKARON ABAK BABUNI 250G 2 JAJ,15,1.57,15.965,15.42,2,0,73.23
2018-01-05,11,GROATS_RICE_PASTA,MAKARON CZANIECKI 250 G NITECZKA WALCOW,1,2.39,15.965,15.42,2,0,73.23
2018-01-05,11,GROATS_RICE_PASTA,MAKARON CZANIECKI 250G SWOJSKI,49,2.02142857142857,15.965,15.42,2,0,73.23
2018-01-05,11,GROATS_RICE_PASTA,MAKARON CZANIECKI GNIAZDKO 2,2,4.08,15.965,15.42,2,0,73.23
2018-01-05,11,GROATS_RICE_PASTA,MAKARON CZANIECKI NITKA WALCOWANA 500G,2,3.98,15.965,15.42,2,0,73.23
2018-01-05,11,GROATS_RICE_PASTA,MAKARON CZANIECKI RYZOWY 250 G,7,2.28,15.965,15.42,2,0,73.23
2018-01-05,11,GROATS_RICE_PASTA,MAKARON GWIAZDKI CZANIEC 250 G,4,1.09,15.965,15.42,2,0,73.23
2018-01-05,11,GROATS_RICE_PASTA,MAKARON KOLECZKI 250 G CZANIEC,6,1.09,15.965,15.42,2,0,73.23
2018-01-05,11,GROATS_RICE_PASTA,MAKARON LASAGNE 500G LUBELLA,1,6.13,15.965,15.42,2,0,73.23
2018-01-05,11,GROATS_RICE_PASTA,MAKARON LUBELLA  KOLANKO OZDOBNE 500G,10,2.43,15.965,15.42,2,0,73.23
2018-01-05,11,GROATS_RICE_PASTA,MAKARON LUBELSKI SPAGETTI 500G,6,2.25,15.965,15.42,2,0,73.23
2018-01-05,11,GROATS_RICE_PASTA,MAKARON MUSZLA  BARONIA 500G,1,8.98,15.965,15.42,2,0,73.23
2018-01-05,11,GROATS_RICE_PASTA,MAKARON NADODRZANSKI SWID.MA?Y 400G,2,1.49,15.965,15.42,2,0,73.23
2018-01-05,11,GROATS_RICE_PASTA,MAKARON POL MLYN 500 G NITKA DURUM,3,3,15.965,15.42,2,0,73.23
2018-01-05,11,GROATS_RICE_PASTA,MAKARON SPAGHETI 400G SULMA,8,1.4,15.965,15.42,2,0,73.23
2018-01-05,11,GROATS_RICE_PASTA,MAKARON SULMA GNIAZDKA 400G,2,2.02,15.965,15.42,2,0,73.23
2018-01-05,11,GROATS_RICE_PASTA,MAKARON SULMA LAZANKA 500 G,3,2.59,15.965,15.42,2,0,73.23
2018-01-05,11,GROATS_RICE_PASTA,MAKARON SULMA ZWIERZATKA 400 G,4,1.39,15.965,15.42,2,0,73.23
2018-01-05,11,GROATS_RICE_PASTA,RURKI WAFLOWE SUCHE100 G,4,1.61,15.965,15.42,2,0,73.23
2018-01-05,11,GROATS_RICE_PASTA,RYZ BRAZOWY 4*100G SARITA,1,1.66,15.965,15.42,2,0,73.23
2018-01-05,11,GROATS_RICE_PASTA,RYZ SARITA BIALY DLUGOZIAR. 4x100G KAR,5,1.4,15.965,15.42,2,0,73.23
2018-01-05,11,GROATS_RICE_PASTA,RYZ SONKO  4X100G,17,1.83,15.965,15.42,2,0,73.23
2018-01-05,11,GROATS_RICE_PASTA,RYZ SONKO 4X100 PARABOLICZNY,2,2.15,15.965,15.42,2,0,73.23
2018-01-05,11,GROATS_RICE_PASTA,RYZ SONKO BRAZOWY 4X100 GR,1,1.76,15.965,15.42,2,0,73.23
2018-01-05,11,GROATS_RICE_PASTA,SONKO KASZA JECZMIENNA 4X100G WIEJSKA,20,1.2565,15.965,15.42,2,0,73.23
2018-01-05,11,GROATS_RICE_PASTA,SONKO KASZA JECZMIENNA PERLOWA 4*100G,2,1.18,15.965,15.42,2,0,73.23
2018-01-05,11,GROATS_RICE_PASTA,SOS SPAGHETI SMIET+POMID DAWTON,3,2.67,15.965,15.42,2,0,73.23
2018-01-05,11,GROATS_RICE_PASTA,WAFLE SUNNY 60G Z CEBULA,4,1.87,15.965,15.42,2,0,73.23
2018-01-06,9,GROATS_RICE_PASTA,BRANSOLETKA Z CUKIERKÓW,33,0.67,17.065,17.1,2,1,72.3
2018-01-06,9,GROATS_RICE_PASTA,CYKORIA SOS BIALY 25 G,1,1.01,17.065,17.1,2,1,72.3
2018-01-06,9,GROATS_RICE_PASTA,KASZA GRYCZANA 4 X 100G SONKO,1,3.33,17.065,17.1,2,1,72.3
2018-01-06,9,GROATS_RICE_PASTA,KASZA JAGLANA 400 G,1,2.43,17.065,17.1,2,1,72.3
2018-01-06,9,GROATS_RICE_PASTA,KASZKA MANNA 400 G KROS,2,0.92,17.065,17.1,2,1,72.3
2018-01-06,9,GROATS_RICE_PASTA,MAK LUBELLA  ZIARNO SWIDERKI 400G,3,2.69,17.065,17.1,2,1,72.3
2018-01-06,9,GROATS_RICE_PASTA,MAK SULMA MUSZELKA 100% DURUM,7,2.3,17.065,17.1,2,1,72.3
2018-01-06,9,GROATS_RICE_PASTA,MAK SULMA NITKA ROSOLOWA 400G,7,2.03285714285714,17.065,17.1,2,1,72.3
2018-01-06,9,GROATS_RICE_PASTA,MAK SULMA NITKA SPAGHETTI 500G,1,2.62,17.065,17.1,2,1,72.3
2018-01-06,9,GROATS_RICE_PASTA,MAK SULMA SWIDEREK DUZY 500G,8,2.44,17.065,17.1,2,1,72.3
2018-01-06,9,GROATS_RICE_PASTA,MAK ZLOTY LAN 500G  PENE,3,1.02,17.065,17.1,2,1,72.3
2018-01-06,9,GROATS_RICE_PASTA,MAK ZLOTY LAN MUSZELKA 500 G,11,0.89,17.065,17.1,2,1,72.3
2018-01-06,9,GROATS_RICE_PASTA,MAK ZLOTY LAN NITKA DOMOWA 250,14,1.02,17.065,17.1,2,1,72.3
2018-01-06,9,GROATS_RICE_PASTA,MAK ZLOTY LAN SWIDEREK 400G,5,1.31,17.065,17.1,2,1,72.3
2018-01-06,9,GROATS_RICE_PASTA,MAK ZLOTY LAN SWIDERKI 500 G,8,1.09,17.065,17.1,2,1,72.3
2018-01-06,9,GROATS_RICE_PASTA,MAK.LUBELLA FALA 400G,4,2.34,17.065,17.1,2,1,72.3
2018-01-06,9,GROATS_RICE_PASTA,MAKA KOSZALINSKA  STOISLAW 1KG,12,1.72,17.065,17.1,2,1,72.3
2018-01-06,9,GROATS_RICE_PASTA,MAKA KRUPCZATKA BASIA 1 KG,1,1.93,17.065,17.1,2,1,72.3
2018-01-06,9,GROATS_RICE_PASTA,MAKA TORTOWA 1KG STOISLAW,15,1.96,17.065,17.1,2,1,72.3
2018-01-06,9,GROATS_RICE_PASTA,MAKA TORTOWA BASIA 1 KG,9,1.59,17.065,17.1,2,1,72.3
2018-01-06,9,GROATS_RICE_PASTA,MAKA WROCLAWSKA 1KG STOISLAW,10,1.72,17.065,17.1,2,1,72.3
2018-01-06,9,GROATS_RICE_PASTA,MAKA WROCLAWSKA BASIA 1 KG,12,1.93,17.065,17.1,2,1,72.3
2018-01-06,9,GROATS_RICE_PASTA,MAKA WROCLAWSKA ZLOTY LAN TYP 500 1KG,6,1.21,17.065,17.1,2,1,72.3
2018-01-06,9,GROATS_RICE_PASTA,MAKA ZIEMNIACZANA 500G NIECHLOW,1,1.52,17.065,17.1,2,1,72.3
2018-01-06,9,GROATS_RICE_PASTA,MAKARON ABAK BABUNI 250G 2 JAJ,8,1.57,17.065,17.1,2,1,72.3
2018-01-06,9,GROATS_RICE_PASTA,MAKARON CZANIECKI 250G SWOJSKI,38,2.01263157894737,17.065,17.1,2,1,72.3
2018-01-06,9,GROATS_RICE_PASTA,MAKARON CZANIECKI RYZOWY 250 G,15,2.30133333333333,17.065,17.1,2,1,72.3
2018-01-06,9,GROATS_RICE_PASTA,MAKARON EXQUISIT 500G,1,4.75,17.065,17.1,2,1,72.3
2018-01-06,9,GROATS_RICE_PASTA,MAKARON GWIAZDKI CZANIEC 250 G,3,1.09,17.065,17.1,2,1,72.3
2018-01-06,9,GROATS_RICE_PASTA,MAKARON KOLECZKI 250 G CZANIEC,1,1.09,17.065,17.1,2,1,72.3
2018-01-06,9,GROATS_RICE_PASTA,MAKARON LASAGNE 500G LUBELLA,1,6.13,17.065,17.1,2,1,72.3
2018-01-06,9,GROATS_RICE_PASTA,MAKARON LUBELLA  KOLANKO OZDOBNE 500G,3,2.43,17.065,17.1,2,1,72.3
2018-01-06,9,GROATS_RICE_PASTA,MAKARON LUBELSKI SPAGETTI 500G,5,2.25,17.065,17.1,2,1,72.3
2018-01-06,9,GROATS_RICE_PASTA,MAKARON MUSZLA  BARONIA 500G,1,8.98,17.065,17.1,2,1,72.3
2018-01-06,9,GROATS_RICE_PASTA,MAKARON POL MLYN 500 G NITKA DURUM,1,3,17.065,17.1,2,1,72.3
2018-01-06,9,GROATS_RICE_PASTA,MAKARON POL MLYN 500 G SWIDEREK DURUM,1,3,17.065,17.1,2,1,72.3
2018-01-06,9,GROATS_RICE_PASTA,MAKARON SULMA GNIAZDKA 400G,1,2.02,17.065,17.1,2,1,72.3
2018-01-06,9,GROATS_RICE_PASTA,MAKARON SULMA LAZANKA 500 G,3,2.59,17.065,17.1,2,1,72.3
2018-01-06,9,GROATS_RICE_PASTA,ORZESZKI SOLONE 40 G,10,0.87,17.065,17.1,2,1,72.3
2018-01-06,9,GROATS_RICE_PASTA,ROGAL 7 DAYS ORZECH,4,1.07,17.065,17.1,2,1,72.3
2018-01-06,9,GROATS_RICE_PASTA,RURKI WAFLOWE SUCHE100 G,1,1.61,17.065,17.1,2,1,72.3
2018-01-06,9,GROATS_RICE_PASTA,RYZ SARITA BIALY DLUGOZIAR. 4x100G KAR,2,1.4,17.065,17.1,2,1,72.3
2018-01-06,9,GROATS_RICE_PASTA,RYZ SARITA BIALY PARABOILED 4x100G KAR.,3,1.66,17.065,17.1,2,1,72.3
2018-01-06,9,GROATS_RICE_PASTA,RYZ SONKO  4X100G,13,1.82615384615385,17.065,17.1,2,1,72.3
2018-01-06,9,GROATS_RICE_PASTA,RYZ SONKO 4X100 PARABOLICZNY,6,2.15,17.065,17.1,2,1,72.3
2018-01-06,9,GROATS_RICE_PASTA,RYZ SONKO BRAZOWY 4X100 GR,1,1.76,17.065,17.1,2,1,72.3
2018-01-06,9,GROATS_RICE_PASTA,SONKO KASZA JECZMIENNA 4X100G WIEJSKA,13,1.35,17.065,17.1,2,1,72.3
2018-01-06,9,GROATS_RICE_PASTA,SONKO KASZA JECZMIENNA PERLOWA 4*100G,4,1.375,17.065,17.1,2,1,72.3
2018-01-06,9,GROATS_RICE_PASTA,SOS SPAGHETI SMIET+POMID DAWTON,1,2.67,17.065,17.1,2,1,72.3
2018-01-06,9,GROATS_RICE_PASTA,WAFLE SUNNY 60G Z CEBULA,8,1.845,17.065,17.1,2,1,72.3
2018-01-07,9,GROATS_RICE_PASTA,BRANSOLETKA Z CUKIERKÓW,13,0.67,19.725,19.9,2,1,75.97
2018-01-07,9,GROATS_RICE_PASTA,CYKORIA SOS BIALY 25 G,2,1.01,19.725,19.9,2,1,75.97
2018-01-07,9,GROATS_RICE_PASTA,KASZA JAGLANA 400 G,2,2.43,19.725,19.9,2,1,75.97
2018-01-07,9,GROATS_RICE_PASTA,KASZKA MANNA 400 G KROS,2,0.92,19.725,19.9,2,1,75.97
2018-01-07,9,GROATS_RICE_PASTA,MAK SULMA MUSZELKA 100% DURUM,10,2.3,19.725,19.9,2,1,75.97
2018-01-07,9,GROATS_RICE_PASTA,MAK SULMA NITKA ROSOLOWA 400G,4,2.11,19.725,19.9,2,1,75.97
2018-01-07,9,GROATS_RICE_PASTA,MAK ZLOTY LAN 500G  PENE,9,1.04333333333333,19.725,19.9,2,1,75.97
2018-01-07,9,GROATS_RICE_PASTA,MAK ZLOTY LAN KOLANKO DUZE 500 G,2,1.09,19.725,19.9,2,1,75.97
2018-01-07,9,GROATS_RICE_PASTA,MAK ZLOTY LAN MUSZELKA 500 G,11,0.926363636363636,19.725,19.9,2,1,75.97
2018-01-07,9,GROATS_RICE_PASTA,MAK ZLOTY LAN NITKA DOMOWA 250,19,1.02,19.725,19.9,2,1,75.97
2018-01-07,9,GROATS_RICE_PASTA,MAK.LUBELLA FALA 400G,3,2.34,19.725,19.9,2,1,75.97
2018-01-07,9,GROATS_RICE_PASTA,MAKA KOSZALINSKA  STOISLAW 1KG,19,1.72,19.725,19.9,2,1,75.97
2018-01-07,9,GROATS_RICE_PASTA,MAKA KRUPCZATKA  ZLOTY LAN TYP 450 1KG,1,1.36,19.725,19.9,2,1,75.97
2018-01-07,9,GROATS_RICE_PASTA,MAKA KRUPCZATKA 1KG STOISLAW,1,1.96,19.725,19.9,2,1,75.97
2018-01-07,9,GROATS_RICE_PASTA,MAKA KRUPCZATKA BASIA 1 KG,4,1.93,19.725,19.9,2,1,75.97
2018-01-07,9,GROATS_RICE_PASTA,MAKA TORTOWA 1KG STOISLAW,18,1.96,19.725,19.9,2,1,75.97
2018-01-07,9,GROATS_RICE_PASTA,MAKA WROCLAWSKA 1KG STOISLAW,9,1.72,19.725,19.9,2,1,75.97
2018-01-07,9,GROATS_RICE_PASTA,MAKA WROCLAWSKA BASIA 1 KG,1,1.93,19.725,19.9,2,1,75.97
2018-01-07,9,GROATS_RICE_PASTA,MAKA WROCLAWSKA ZLOTY LAN TYP 500 1KG,12,1.21,19.725,19.9,2,1,75.97
2018-01-07,9,GROATS_RICE_PASTA,MAKA ZIEMNIACZANA 500G NIECHLOW,5,1.52,19.725,19.9,2,1,75.97
2018-01-07,9,GROATS_RICE_PASTA,MAKARON ABAK BABUNI 250G 2 JAJ,8,1.49,19.725,19.9,2,1,75.97
2018-01-07,9,GROATS_RICE_PASTA,MAKARON CZANIECKI 250 G NITECZKA WALCOW,2,2.01,19.725,19.9,2,1,75.97
2018-01-07,9,GROATS_RICE_PASTA,MAKARON CZANIECKI 250G SWOJSKI,46,2.02,19.725,19.9,2,1,75.97
2018-01-07,9,GROATS_RICE_PASTA,MAKARON CZANIECKI NITKA WALCOWANA 500G,1,4.08,19.725,19.9,2,1,75.97
2018-01-07,9,GROATS_RICE_PASTA,MAKARON CZANIECKI RYZOWY 250 G,6,2.32,19.725,19.9,2,1,75.97
2018-01-07,9,GROATS_RICE_PASTA,MAKARON GWIAZDKI CZANIEC 250 G,2,1.09,19.725,19.9,2,1,75.97
2018-01-07,9,GROATS_RICE_PASTA,MAKARON KOLECZKI 250 G CZANIEC,2,1.09,19.725,19.9,2,1,75.97
2018-01-07,9,GROATS_RICE_PASTA,MAKARON NADODRZANSKI SWID.MA?Y 400G,5,1.19,19.725,19.9,2,1,75.97
2018-01-07,9,GROATS_RICE_PASTA,MAKARON POL MLYN 500 G NITKA DURUM,2,2.97,19.725,19.9,2,1,75.97
2018-01-07,9,GROATS_RICE_PASTA,MAKARON POL MLYN 500 G SWIDEREK DURUM,9,2.97,19.725,19.9,2,1,75.97
2018-01-07,9,GROATS_RICE_PASTA,MAKARON POL.MLYN SPAGHETTI 500G,8,2.97,19.725,19.9,2,1,75.97
2018-01-07,9,GROATS_RICE_PASTA,MAKARON POLSKIE MLYNY 500G PENNE DURUM,4,2.97,19.725,19.9,2,1,75.97
2018-01-07,9,GROATS_RICE_PASTA,MAKARON SARITA SWIDEREK 400G,2,1.4,19.725,19.9,2,1,75.97
2018-01-07,9,GROATS_RICE_PASTA,MAKARON SULMA GNIAZDKA 400G,3,2.02,19.725,19.9,2,1,75.97
2018-01-07,9,GROATS_RICE_PASTA,RYZ BRAZOWY 4*100G SARITA,3,1.66,19.725,19.9,2,1,75.97
2018-01-07,9,GROATS_RICE_PASTA,RYZ SARITA BIALY DLUGOZIAR. 4x100G KAR,2,1.4,19.725,19.9,2,1,75.97
2018-01-07,9,GROATS_RICE_PASTA,RYZ SARITA BIALY PARABOILED 4x100G KAR.,2,1.66,19.725,19.9,2,1,75.97
2018-01-07,9,GROATS_RICE_PASTA,RYZ SONKO  4X100G,22,1.78,19.725,19.9,2,1,75.97
2018-01-07,9,GROATS_RICE_PASTA,RYZ SONKO 4X100 PARABOLICZNY,3,2.15,19.725,19.9,2,1,75.97
2018-01-07,9,GROATS_RICE_PASTA,SALAMI 100 G DELIKATESOWE,3,3,19.725,19.9,2,1,75.97
2018-01-07,9,GROATS_RICE_PASTA,SONKO KASZA JECZMIENNA 4X100G WIEJSKA,10,1.35,19.725,19.9,2,1,75.97
2018-01-07,9,GROATS_RICE_PASTA,SONKO KASZA JECZMIENNA PERLOWA 4*100G,7,1.44,19.725,19.9,2,1,75.97
2018-01-07,9,GROATS_RICE_PASTA,WAFLE SUNNY 60G Z CEBULA,7,1.83,19.725,19.9,2,1,75.97
2018-01-08,9,GROATS_RICE_PASTA,BRANSOLETKA Z CUKIERKÓW,1,0.67,19.92,20.06,2,0,69.97
2018-01-08,9,GROATS_RICE_PASTA,CIASTKA DESIMO MARKIZY 160 G KAKAO,3,1.99,19.92,20.06,2,0,69.97
2018-01-08,9,GROATS_RICE_PASTA,DANIE KACHNY LECZO 500G,1,4.18,19.92,20.06,2,0,69.97
2018-01-08,9,GROATS_RICE_PASTA,KASZA JAGLANA 400 G,1,2.43,19.92,20.06,2,0,69.97
2018-01-08,9,GROATS_RICE_PASTA,KASZA JECZMIENNA 4*100 G SARITA,3,1.02,19.92,20.06,2,0,69.97
2018-01-08,9,GROATS_RICE_PASTA,KASZKA MANNA 400 G MELVIT,1,1.4,19.92,20.06,2,0,69.97
2018-01-08,9,GROATS_RICE_PASTA,KOTLIN KETCHUP 450 G MNIEJ KALORI,4,3.62,19.92,20.06,2,0,69.97
2018-01-08,9,GROATS_RICE_PASTA,KRAZKI RYZOWE 60 G,1,1.54,19.92,20.06,2,0,69.97
2018-01-08,9,GROATS_RICE_PASTA,MAK LUBELLA  ZIARNO SWIDERKI 400G,3,2.69,19.92,20.06,2,0,69.97
2018-01-08,9,GROATS_RICE_PASTA,MAK SULMA MUSZELKA 100% DURUM,2,2.3,19.92,20.06,2,0,69.97
2018-01-08,9,GROATS_RICE_PASTA,MAK SULMA NITKA ROSOLOWA 400G,2,2.11,19.92,20.06,2,0,69.97
2018-01-08,9,GROATS_RICE_PASTA,MAK SULMA NITKA SPAGHETTI 500G,2,2.62,19.92,20.06,2,0,69.97
2018-01-08,9,GROATS_RICE_PASTA,MAK ZLOTY LAN 500G  PENE,8,1.09,19.92,20.06,2,0,69.97
2018-01-08,9,GROATS_RICE_PASTA,MAK ZLOTY LAN KOLANKO DUZE 500 G,6,1.09,19.92,20.06,2,0,69.97
2018-01-08,9,GROATS_RICE_PASTA,MAK ZLOTY LAN MUSZELKA 500 G,11,1.09,19.92,20.06,2,0,69.97
2018-01-08,9,GROATS_RICE_PASTA,MAK ZLOTY LAN NITKA DOMOWA 250,13,1.01076923076923,19.92,20.06,2,0,69.97
2018-01-08,9,GROATS_RICE_PASTA,MAK ZLOTY LAN SPAGHETTI 500G,12,1.01,19.92,20.06,2,0,69.97
2018-01-08,9,GROATS_RICE_PASTA,MAK ZLOTY LAN SWIDERKI 500 G,1,1,19.92,20.06,2,0,69.97
2018-01-08,9,GROATS_RICE_PASTA,MAK.LUBELLA FALA 400G,1,2.34,19.92,20.06,2,0,69.97
2018-01-08,9,GROATS_RICE_PASTA,MAKA KOSZALINSKA  STOISLAW 1KG,22,1.72,19.92,20.06,2,0,69.97
2018-01-08,9,GROATS_RICE_PASTA,MAKA KRUPCZATKA  ZLOTY LAN TYP 450 1KG,3,1.36,19.92,20.06,2,0,69.97
2018-01-08,9,GROATS_RICE_PASTA,MAKA KRUPCZATKA BASIA 1 KG,5,1.93,19.92,20.06,2,0,69.97
2018-01-08,9,GROATS_RICE_PASTA,MAKA TORTOWA 1KG STOISLAW,19,1.96,19.92,20.06,2,0,69.97
2018-01-08,9,GROATS_RICE_PASTA,MAKA TORTOWA BASIA 1 KG,10,1.78,19.92,20.06,2,0,69.97
2018-01-08,9,GROATS_RICE_PASTA,MAKA WROCLAWSKA 1KG STOISLAW,1,1.72,19.92,20.06,2,0,69.97
2018-01-08,9,GROATS_RICE_PASTA,MAKA WROCLAWSKA ZLOTY LAN TYP 500 1KG,11,1.15545454545455,19.92,20.06,2,0,69.97
2018-01-08,9,GROATS_RICE_PASTA,MAKA ZIEMNIACZANA 1KG,1,3.56,19.92,20.06,2,0,69.97
2018-01-08,9,GROATS_RICE_PASTA,MAKA ZIEMNIACZANA 500G NIECHLOW,5,1.52,19.92,20.06,2,0,69.97
2018-01-08,9,GROATS_RICE_PASTA,MAKARON ABAK BABUNI 250G 2 JAJ,16,1.49,19.92,20.06,2,0,69.97
2018-01-08,9,GROATS_RICE_PASTA,MAKARON CZANIECKI 250 G NITECZKA WALCOW,7,2.01,19.92,20.06,2,0,69.97
2018-01-08,9,GROATS_RICE_PASTA,MAKARON CZANIECKI 250G SWOJSKI,38,1.92157894736842,19.92,20.06,2,0,69.97
2018-01-08,9,GROATS_RICE_PASTA,MAKARON CZANIECKI GNIAZDKO 2,5,3.91,19.92,20.06,2,0,69.97
2018-01-08,9,GROATS_RICE_PASTA,MAKARON CZANIECKI NITKA WALCOWANA 500G,5,4.08,19.92,20.06,2,0,69.97
2018-01-08,9,GROATS_RICE_PASTA,MAKARON CZANIECKI RYZOWY 250 G,4,2.32,19.92,20.06,2,0,69.97
2018-01-08,9,GROATS_RICE_PASTA,MAKARON LASAGNE 500G LUBELLA,1,6.13,19.92,20.06,2,0,69.97
2018-01-08,9,GROATS_RICE_PASTA,MAKARON LITERKI 250 G POLMAK,2,1.87,19.92,20.06,2,0,69.97
2018-01-08,9,GROATS_RICE_PASTA,MAKARON LUBELLA MUSZELKA DROBNA,1,2.37,19.92,20.06,2,0,69.97
2018-01-08,9,GROATS_RICE_PASTA,MAKARON LUBELSKI SPAGETTI 500G,4,2.37,19.92,20.06,2,0,69.97
2018-01-08,9,GROATS_RICE_PASTA,MAKARON NADODRZANSKI SWID.MA?Y 400G,15,1.19,19.92,20.06,2,0,69.97
2018-01-08,9,GROATS_RICE_PASTA,MAKARON POL MLYN 500 G NITKA DURUM,4,2.97,19.92,20.06,2,0,69.97
2018-01-08,9,GROATS_RICE_PASTA,MAKARON POL.MLYN SPAGHETTI 500G,2,2.97,19.92,20.06,2,0,69.97
2018-01-08,9,GROATS_RICE_PASTA,MAKARON POLSKIE MLYNY 500G PENNE DURUM,4,2.97,19.92,20.06,2,0,69.97
2018-01-08,9,GROATS_RICE_PASTA,MAKARON SARITA SWIDEREK 400G,7,1.4,19.92,20.06,2,0,69.97
2018-01-08,9,GROATS_RICE_PASTA,MAKARON SULMA LAZANKA 500 G,2,2.59,19.92,20.06,2,0,69.97
2018-01-08,9,GROATS_RICE_PASTA,PLATKI OWSIANE 0_5 KG PLONY ZBOZ,1,1.59,19.92,20.06,2,0,69.97
2018-01-08,9,GROATS_RICE_PASTA,ROGAL 7 DAYS ORZECH,9,0.91,19.92,20.06,2,0,69.97
2018-01-08,9,GROATS_RICE_PASTA,RYZ BRAZOWY 4*100G SARITA,3,1.73,19.92,20.06,2,0,69.97
2018-01-08,9,GROATS_RICE_PASTA,RYZ SARITA BIALY DLUGOZIAR. 4x100G KAR,5,1.46,19.92,20.06,2,0,69.97
2018-01-08,9,GROATS_RICE_PASTA,RYZ SARITA BIALY PARABOILED 4x100G KAR.,6,1.66,19.92,20.06,2,0,69.97
2018-01-08,9,GROATS_RICE_PASTA,RYZ SONKO  4X100G,16,1.78,19.92,20.06,2,0,69.97
2018-01-08,9,GROATS_RICE_PASTA,RYZ SONKO 4X100 PARABOLICZNY,7,2.15,19.92,20.06,2,0,69.97
2018-01-08,9,GROATS_RICE_PASTA,RYZ SONKO BRAZOWY 4X100 GR,2,1.76,19.92,20.06,2,0,69.97
2018-01-08,9,GROATS_RICE_PASTA,SER PLASTRY MLECZ ZAGRODA SZWAJCAR 150 G,5,2.51,19.92,20.06,2,0,69.97
2018-01-08,9,GROATS_RICE_PASTA,SER PLASTRY MLECZ.ZAGRODA GOUDA 150 G,3,2.5,19.92,20.06,2,0,69.97
2018-01-08,9,GROATS_RICE_PASTA,SONKO KASZA JECZMIENNA 4X100G WIEJSKA,3,1.35,19.92,20.06,2,0,69.97
2018-01-08,9,GROATS_RICE_PASTA,SONKO KASZA JECZMIENNA PERLOWA 4*100G,13,1.23692307692308,19.92,20.06,2,0,69.97
2018-01-08,9,GROATS_RICE_PASTA,SOS SPAGHETI SMIET+POMID DAWTON,1,3.15,19.92,20.06,2,0,69.97
2018-01-08,9,GROATS_RICE_PASTA,WAFLE SUNNY 60G Z CEBULA,1,1.83,19.92,20.06,2,0,69.97
2018-01-09,10,GROATS_RICE_PASTA,CIASTKA DESIMO MARKIZY 160 G KAKAO,2,1.99,15.835,14.73,2,1,69.23
2018-01-09,10,GROATS_RICE_PASTA,CYKORIA SOS BIALY 25 G,3,1.01,15.835,14.73,2,1,69.23
2018-01-09,10,GROATS_RICE_PASTA,KASZA JECZMIENNA 4*100 G SARITA,4,1.02,15.835,14.73,2,1,69.23
2018-01-09,10,GROATS_RICE_PASTA,KASZA TRENDY LUNCH 4*100 G MALVIT,2,4.32,15.835,14.73,2,1,69.23
2018-01-09,10,GROATS_RICE_PASTA,KASZKA MANNA 400 G KROS,2,0.92,15.835,14.73,2,1,69.23
2018-01-09,10,GROATS_RICE_PASTA,KASZKA MANNA 400 G MELVIT,1,1.4,15.835,14.73,2,1,69.23
2018-01-09,10,GROATS_RICE_PASTA,KOTLIN KETCHUP 450 G MNIEJ KALORI,3,3.62,15.835,14.73,2,1,69.23
2018-01-09,10,GROATS_RICE_PASTA,KRAZKI RYZOWE 60 G,5,1.54,15.835,14.73,2,1,69.23
2018-01-09,10,GROATS_RICE_PASTA,LUBELLA FIT PIORA 400G,1,2.69,15.835,14.73,2,1,69.23
2018-01-09,10,GROATS_RICE_PASTA,MAK LUBELLA  ZIARNO SWIDERKI 400G,1,2.69,15.835,14.73,2,1,69.23
2018-01-09,10,GROATS_RICE_PASTA,MAK LUBELLA KÓLKA MINI 400 G,2,2.59,15.835,14.73,2,1,69.23
2018-01-09,10,GROATS_RICE_PASTA,MAK SULMA NITKA ROSOLOWA 400G,2,2.11,15.835,14.73,2,1,69.23
2018-01-09,10,GROATS_RICE_PASTA,MAK SULMA NITKA SPAGHETTI 500G,4,2.4625,15.835,14.73,2,1,69.23
2018-01-09,10,GROATS_RICE_PASTA,MAK ZLOTY LAN 500G  PENE,3,1.09,15.835,14.73,2,1,69.23
2018-01-09,10,GROATS_RICE_PASTA,MAK ZLOTY LAN KOLANKO DUZE 500 G,9,1.09,15.835,14.73,2,1,69.23
2018-01-09,10,GROATS_RICE_PASTA,MAK ZLOTY LAN MUSZELKA 500 G,7,1.09,15.835,14.73,2,1,69.23
2018-01-09,10,GROATS_RICE_PASTA,MAK ZLOTY LAN NITKA DOMOWA 250,14,1.01,15.835,14.73,2,1,69.23
2018-01-09,10,GROATS_RICE_PASTA,MAK ZLOTY LAN SPAGHETTI 500G,12,1.01,15.835,14.73,2,1,69.23
2018-01-09,10,GROATS_RICE_PASTA,MAK ZLOTY LAN SWIDERKI 500 G,10,1,15.835,14.73,2,1,69.23
2018-01-09,10,GROATS_RICE_PASTA,MAK.LUBELLA FALA 400G,1,2.34,15.835,14.73,2,1,69.23
2018-01-09,10,GROATS_RICE_PASTA,MAKA KOSZALINSKA  STOISLAW 1KG,18,1.81388888888889,15.835,14.73,2,1,69.23
2018-01-09,10,GROATS_RICE_PASTA,MAKA KRUPCZATKA  ZLOTY LAN TYP 450 1KG,3,1.36,15.835,14.73,2,1,69.23
2018-01-09,10,GROATS_RICE_PASTA,MAKA KRUPCZATKA 1KG STOISLAW,5,1.96,15.835,14.73,2,1,69.23
2018-01-09,10,GROATS_RICE_PASTA,MAKA KRUPCZATKA BASIA 1 KG,3,1.93,15.835,14.73,2,1,69.23
2018-01-09,10,GROATS_RICE_PASTA,MAKA RAZOWA 1 KG MELVIT,3,2.43,15.835,14.73,2,1,69.23
2018-01-09,10,GROATS_RICE_PASTA,MAKA TORTOWA 1KG STOISLAW,13,2.03692307692308,15.835,14.73,2,1,69.23
2018-01-09,10,GROATS_RICE_PASTA,MAKA TORTOWA BASIA 1 KG,19,1.88263157894737,15.835,14.73,2,1,69.23
2018-01-09,10,GROATS_RICE_PASTA,MAKA WROCLAWSKA 1KG STOISLAW,5,1.85,15.835,14.73,2,1,69.23
2018-01-09,10,GROATS_RICE_PASTA,MAKA WROCLAWSKA ZLOTY LAN TYP 500 1KG,10,1.11,15.835,14.73,2,1,69.23
2018-01-09,10,GROATS_RICE_PASTA,MAKA ZIEMNIACZANA 1KG,1,3.56,15.835,14.73,2,1,69.23
2018-01-09,10,GROATS_RICE_PASTA,MAKA ZIEMNIACZANA 500G NIECHLOW,4,1.52,15.835,14.73,2,1,69.23
2018-01-09,10,GROATS_RICE_PASTA,MAKARON ABAK BABUNI 250G 2 JAJ,5,1.49,15.835,14.73,2,1,69.23
2018-01-09,10,GROATS_RICE_PASTA,MAKARON CZANIECKI 250 G NITECZKA WALCOW,4,2.005,15.835,14.73,2,1,69.23
2018-01-09,10,GROATS_RICE_PASTA,MAKARON CZANIECKI 250G SWOJSKI,54,1.87333333333333,15.835,14.73,2,1,69.23
2018-01-09,10,GROATS_RICE_PASTA,MAKARON CZANIECKI GNIAZDKO 2,2,3.91,15.835,14.73,2,1,69.23
2018-01-09,10,GROATS_RICE_PASTA,MAKARON CZANIECKI NITKA WALCOWANA 500G,7,4.08,15.835,14.73,2,1,69.23
2018-01-09,10,GROATS_RICE_PASTA,MAKARON CZANIECKI RYZOWY 250 G,6,2.32,15.835,14.73,2,1,69.23
2018-01-09,10,GROATS_RICE_PASTA,MAKARON LASAGNE 500G LUBELLA,3,6.13,15.835,14.73,2,1,69.23
2018-01-09,10,GROATS_RICE_PASTA,MAKARON LITERKI 250 G POLMAK,3,1.87,15.835,14.73,2,1,69.23
2018-01-09,10,GROATS_RICE_PASTA,MAKARON LUBELLA MUSZELKA DROBNA,2,2.37,15.835,14.73,2,1,69.23
2018-01-09,10,GROATS_RICE_PASTA,MAKARON LUBELSKI SPAGETTI 500G,2,2.37,15.835,14.73,2,1,69.23
2018-01-09,10,GROATS_RICE_PASTA,MAKARON NITKA CIETA 500G LUBELLA,1,2.37,15.835,14.73,2,1,69.23
2018-01-09,10,GROATS_RICE_PASTA,MAKARON PIORA LUBELLA 400G,2,2.69,15.835,14.73,2,1,69.23
2018-01-09,10,GROATS_RICE_PASTA,MAKARON POL MLYN 500 G SWIDEREK DURUM,2,3.49,15.835,14.73,2,1,69.23
2018-01-09,10,GROATS_RICE_PASTA,MAKARON POL.MLYN SPAGHETTI 500G,1,3.49,15.835,14.73,2,1,69.23
2018-01-09,10,GROATS_RICE_PASTA,MAKARON POLSKIE MLYNY 500G PENNE DURUM,2,3.23,15.835,14.73,2,1,69.23
2018-01-09,10,GROATS_RICE_PASTA,MAKARON SARITA SWIDEREK 400G,5,1.4,15.835,14.73,2,1,69.23
2018-01-09,10,GROATS_RICE_PASTA,MAKARON SULMA LAZANKA 500 G,2,2.59,15.835,14.73,2,1,69.23
2018-01-09,10,GROATS_RICE_PASTA,PLATKI OWSIANE 0_5 KG PLONY ZBOZ,2,1.59,15.835,14.73,2,1,69.23
2018-01-09,10,GROATS_RICE_PASTA,RYZ BRAZOWY 4*100G SARITA,2,1.73,15.835,14.73,2,1,69.23
2018-01-09,10,GROATS_RICE_PASTA,RYZ SARITA BIALY DLUGOZIAR. 4x100G KAR,5,1.46,15.835,14.73,2,1,69.23
2018-01-09,10,GROATS_RICE_PASTA,RYZ SARITA BIALY PARABOILED 4x100G KAR.,2,1.66,15.835,14.73,2,1,69.23
2018-01-09,10,GROATS_RICE_PASTA,RYZ SONKO  4X100G,21,1.78,15.835,14.73,2,1,69.23
2018-01-09,10,GROATS_RICE_PASTA,RYZ SONKO 4X100 PARABOLICZNY,1,2.15,15.835,14.73,2,1,69.23
2018-01-09,10,GROATS_RICE_PASTA,RYZ SONKO BRAZOWY 4X100 GR,3,1.76,15.835,14.73,2,1,69.23
2018-01-09,10,GROATS_RICE_PASTA,SER PLASTRY MLECZ ZAGRODA SZWAJCAR 150 G,5,2.51,15.835,14.73,2,1,69.23
2018-01-09,10,GROATS_RICE_PASTA,SER PLASTRY MLECZ.ZAGRODA GOUDA 150 G,7,2.5,15.835,14.73,2,1,69.23
2018-01-09,10,GROATS_RICE_PASTA,SONKO KASZA JECZMIENNA 4X100G WIEJSKA,10,1.2,15.835,14.73,2,1,69.23
2018-01-09,10,GROATS_RICE_PASTA,SONKO KASZA JECZMIENNA PERLOWA 4*100G,11,1.2,15.835,14.73,2,1,69.23
2018-01-09,10,GROATS_RICE_PASTA,WIN ZUPA BOROWIKOWA 45 G,6,2.23,15.835,14.73,2,1,69.23
2018-01-10,8,GROATS_RICE_PASTA,CIASTKA DESIMO MARKIZY 160 G KAKAO,1,1.99,10.71,8.19,1,1,71.65
2018-01-10,8,GROATS_RICE_PASTA,CYKORIA SOS BIALY 25 G,3,1.01,10.71,8.19,1,1,71.65
2018-01-10,8,GROATS_RICE_PASTA,KASZA JECZMIENNA 4*100 G SARITA,5,1.02,10.71,8.19,1,1,71.65
2018-01-10,8,GROATS_RICE_PASTA,KASZKA MANNA 400 G MELVIT,5,1.4,10.71,8.19,1,1,71.65
2018-01-10,8,GROATS_RICE_PASTA,KRAZKI RYZOWE 60 G,7,1.54,10.71,8.19,1,1,71.65
2018-01-10,8,GROATS_RICE_PASTA,LUBELLA FIT PIORA 400G,1,2.69,10.71,8.19,1,1,71.65
2018-01-10,8,GROATS_RICE_PASTA,MAK LUBELLA KÓLKA MINI 400 G,1,2.59,10.71,8.19,1,1,71.65
2018-01-10,8,GROATS_RICE_PASTA,MAK SULMA NITKA ROSOLOWA 400G,3,2.11,10.71,8.19,1,1,71.65
2018-01-10,8,GROATS_RICE_PASTA,MAK SULMA NITKA SPAGHETTI 500G,10,2.41,10.71,8.19,1,1,71.65
2018-01-10,8,GROATS_RICE_PASTA,MAK ZLOTY LAN 500G  PENE,1,1.09,10.71,8.19,1,1,71.65
2018-01-10,8,GROATS_RICE_PASTA,MAK ZLOTY LAN KOLANKO DUZE 500 G,6,1.08166666666667,10.71,8.19,1,1,71.65
2018-01-10,8,GROATS_RICE_PASTA,MAK ZLOTY LAN MUSZELKA 500 G,8,1.09,10.71,8.19,1,1,71.65
2018-01-10,8,GROATS_RICE_PASTA,MAK ZLOTY LAN NITKA DOMOWA 250,16,1.01,10.71,8.19,1,1,71.65
2018-01-10,8,GROATS_RICE_PASTA,MAK ZLOTY LAN SWIDERKI 500 G,3,1,10.71,8.19,1,1,71.65
2018-01-10,8,GROATS_RICE_PASTA,MAKA EXTRA WYPIEK BASIA 1 KG,2,2.92,10.71,8.19,1,1,71.65
2018-01-10,8,GROATS_RICE_PASTA,MAKA KOSZALINSKA  STOISLAW 1KG,3,1.85,10.71,8.19,1,1,71.65
2018-01-10,8,GROATS_RICE_PASTA,MAKA KRUPCZATKA  ZLOTY LAN TYP 450 1KG,1,1.36,10.71,8.19,1,1,71.65
2018-01-10,8,GROATS_RICE_PASTA,MAKA KRUPCZATKA 1KG STOISLAW,1,1.96,10.71,8.19,1,1,71.65
2018-01-10,8,GROATS_RICE_PASTA,MAKA TORTOWA 1KG STOISLAW,2,2.06,10.71,8.19,1,1,71.65
2018-01-10,8,GROATS_RICE_PASTA,MAKA TORTOWA BASIA 1 KG,22,1.93,10.71,8.19,1,1,71.65
2018-01-10,8,GROATS_RICE_PASTA,MAKA WROCLAWSKA 1KG STOISLAW,5,1.85,10.71,8.19,1,1,71.65
2018-01-10,8,GROATS_RICE_PASTA,MAKA WROCLAWSKA BASIA 1 KG,8,1.93,10.71,8.19,1,1,71.65
2018-01-10,8,GROATS_RICE_PASTA,MAKA WROCLAWSKA ZLOTY LAN TYP 500 1KG,11,1.11,10.71,8.19,1,1,71.65
2018-01-10,8,GROATS_RICE_PASTA,MAKA ZIEMNIACZANA 1KG,5,3.56,10.71,8.19,1,1,71.65
2018-01-10,8,GROATS_RICE_PASTA,MAKARON ABAK BABUNI 250G 2 JAJ,6,1.49,10.71,8.19,1,1,71.65
2018-01-10,8,GROATS_RICE_PASTA,MAKARON CZANIECKI 250 G NITECZKA WALCOW,11,1.99,10.71,8.19,1,1,71.65
2018-01-10,8,GROATS_RICE_PASTA,MAKARON CZANIECKI 250G SWOJSKI,48,1.98,10.71,8.19,1,1,71.65
2018-01-10,8,GROATS_RICE_PASTA,MAKARON CZANIECKI GNIAZDKO 2,6,3.91,10.71,8.19,1,1,71.65
2018-01-10,8,GROATS_RICE_PASTA,MAKARON CZANIECKI NITECZKA WALCOW. 500GR,2,4.08,10.71,8.19,1,1,71.65
2018-01-10,8,GROATS_RICE_PASTA,MAKARON CZANIECKI RYZOWY 250 G,20,2.32,10.71,8.19,1,1,71.65
2018-01-10,8,GROATS_RICE_PASTA,MAKARON EXQUISIT 500G,1,4.75,10.71,8.19,1,1,71.65
2018-01-10,8,GROATS_RICE_PASTA,MAKARON LITERKI 250 G POLMAK,4,1.87,10.71,8.19,1,1,71.65
2018-01-10,8,GROATS_RICE_PASTA,MAKARON NITKA CIETA 500G LUBELLA,1,2.37,10.71,8.19,1,1,71.65
2018-01-10,8,GROATS_RICE_PASTA,MAKARON PIORA LUBELLA 400G,6,2.69,10.71,8.19,1,1,71.65
2018-01-10,8,GROATS_RICE_PASTA,MAKARON POL MLYN 500 G SWIDEREK DURUM,3,3.49,10.71,8.19,1,1,71.65
2018-01-10,8,GROATS_RICE_PASTA,MAKARON POL.MLYN SPAGHETTI 500G,3,3.49,10.71,8.19,1,1,71.65
2018-01-10,8,GROATS_RICE_PASTA,MAKARON POLSKIE MLYNY 500G PENNE DURUM,5,3.49,10.71,8.19,1,1,71.65
2018-01-10,8,GROATS_RICE_PASTA,MAKARON SARITA SWIDEREK 400G,2,1.4,10.71,8.19,1,1,71.65
2018-01-10,8,GROATS_RICE_PASTA,MAKARON SULMA GNIAZDKA 400G,1,2.02,10.71,8.19,1,1,71.65
2018-01-10,8,GROATS_RICE_PASTA,PLATKI OWSIANE 0_5 KG PLONY ZBOZ,7,1.59,10.71,8.19,1,1,71.65
2018-01-10,8,GROATS_RICE_PASTA,ROGAL 7 DAYS ORZECH,3,1.06,10.71,8.19,1,1,71.65
2018-01-10,8,GROATS_RICE_PASTA,RYZ SARITA BIALY DLUGOZIAR. 4x100G KAR,6,1.42666666666667,10.71,8.19,1,1,71.65
2018-01-10,8,GROATS_RICE_PASTA,RYZ SARITA BIALY PARABOILED 4x100G KAR.,4,1.66,10.71,8.19,1,1,71.65
2018-01-10,8,GROATS_RICE_PASTA,RYZ SONKO  4X100G,24,1.78,10.71,8.19,1,1,71.65
2018-01-10,8,GROATS_RICE_PASTA,SONKO KASZA JECZMIENNA 4X100G WIEJSKA,9,1.2,10.71,8.19,1,1,71.65
2018-01-10,8,GROATS_RICE_PASTA,SONKO KASZA JECZMIENNA PERLOWA 4*100G,14,1.2,10.71,8.19,1,1,71.65
2018-01-10,8,GROATS_RICE_PASTA,SUNBITES WIOSENNE WARZYWA,3,2.24,10.71,8.19,1,1,71.65
2018-01-10,8,GROATS_RICE_PASTA,WIN ZUPA BOROWIKOWA 45 G,1,2.23,10.71,8.19,1,1,71.65
2018-01-11,9,GROATS_RICE_PASTA,CYKORIA SOS BIALY 25 G,6,1.01,3.97,0.77,1,1,80.6
2018-01-11,9,GROATS_RICE_PASTA,DANIE KACHNY LECZO 500G,1,4.18,3.97,0.77,1,1,80.6
2018-01-11,9,GROATS_RICE_PASTA,FILETY SLEDZIOWE 400G W SOS KOPERKOWYM,1,4.83,3.97,0.77,1,1,80.6
2018-01-11,9,GROATS_RICE_PASTA,KASZA GRYCZANA 4*100 G SARITA,4,1.87,3.97,0.77,1,1,80.6
2018-01-11,9,GROATS_RICE_PASTA,KASZA JAGLANA 4*100 SARITA,7,1.31,3.97,0.77,1,1,80.6
2018-01-11,9,GROATS_RICE_PASTA,KASZA JAGLANA 400 G,1,2.43,3.97,0.77,1,1,80.6
2018-01-11,9,GROATS_RICE_PASTA,KASZA JECZMIENNA 4*100 G SARITA,5,1.02,3.97,0.77,1,1,80.6
2018-01-11,9,GROATS_RICE_PASTA,KASZA TRENDY LUNCH 4*100 G MALVIT,2,4.32,3.97,0.77,1,1,80.6
2018-01-11,9,GROATS_RICE_PASTA,KASZKA MANNA 400 G MELVIT,2,1.4,3.97,0.77,1,1,80.6
2018-01-11,9,GROATS_RICE_PASTA,KRAZKI RYZOWE 60 G,6,1.54,3.97,0.77,1,1,80.6
2018-01-11,9,GROATS_RICE_PASTA,KUPIEC KASZA MANNA 400G KG,2,2.2,3.97,0.77,1,1,80.6
2018-01-11,9,GROATS_RICE_PASTA,MAK SULMA MUSZELKA 100% DURUM,1,2.3,3.97,0.77,1,1,80.6
2018-01-11,9,GROATS_RICE_PASTA,MAK SULMA NITKA ROSOLOWA 400G,3,2.11,3.97,0.77,1,1,80.6
2018-01-11,9,GROATS_RICE_PASTA,MAK SULMA NITKA SPAGHETTI 500G,16,2.39375,3.97,0.77,1,1,80.6
2018-01-11,9,GROATS_RICE_PASTA,MAK ZLOTY LAN 500G  PENE,5,1.09,3.97,0.77,1,1,80.6
2018-01-11,9,GROATS_RICE_PASTA,MAK ZLOTY LAN KOLANKO DUZE 500 G,5,1.04,3.97,0.77,1,1,80.6
2018-01-11,9,GROATS_RICE_PASTA,MAK ZLOTY LAN MUSZELKA 500 G,3,1.09,3.97,0.77,1,1,80.6
2018-01-11,9,GROATS_RICE_PASTA,MAK ZLOTY LAN NITKA DOMOWA 250,16,1.01,3.97,0.77,1,1,80.6
2018-01-11,9,GROATS_RICE_PASTA,MAK ZLOTY LAN SPAGHETTI 500G,1,1.01,3.97,0.77,1,1,80.6
2018-01-11,9,GROATS_RICE_PASTA,MAK ZLOTY LAN SWIDERKI 500 G,7,1,3.97,0.77,1,1,80.6
2018-01-11,9,GROATS_RICE_PASTA,MAKA EXTRA WYPIEK BASIA 1 KG,5,2.92,3.97,0.77,1,1,80.6
2018-01-11,9,GROATS_RICE_PASTA,MAKA KOSZALINSKA  STOISLAW 1KG,17,1.85,3.97,0.77,1,1,80.6
2018-01-11,9,GROATS_RICE_PASTA,MAKA KRUPCZATKA  ZLOTY LAN TYP 450 1KG,1,1.36,3.97,0.77,1,1,80.6
2018-01-11,9,GROATS_RICE_PASTA,MAKA KRUPCZATKA 1KG STOISLAW,1,1.96,3.97,0.77,1,1,80.6
2018-01-11,9,GROATS_RICE_PASTA,MAKA TORTOWA 1KG STOISLAW,20,2.06,3.97,0.77,1,1,80.6
2018-01-11,9,GROATS_RICE_PASTA,MAKA TORTOWA BASIA 1 KG,19,1.94736842105263,3.97,0.77,1,1,80.6
2018-01-11,9,GROATS_RICE_PASTA,MAKA WROCLAWSKA BASIA 1 KG,2,1.93,3.97,0.77,1,1,80.6
2018-01-11,9,GROATS_RICE_PASTA,MAKA WROCLAWSKA ZLOTY LAN TYP 500 1KG,9,1.11555555555556,3.97,0.77,1,1,80.6
2018-01-11,9,GROATS_RICE_PASTA,MAKA ZIEMNIACZANA 1KG,3,3.56,3.97,0.77,1,1,80.6
2018-01-11,9,GROATS_RICE_PASTA,MAKA ZIEMNIACZANA 500G NIECHLOW,4,1.79,3.97,0.77,1,1,80.6
2018-01-11,9,GROATS_RICE_PASTA,MAKARON ABAK BABUNI 250G 2 JAJ,4,1.49,3.97,0.77,1,1,80.6
2018-01-11,9,GROATS_RICE_PASTA,MAKARON ARC-POL MUSZELKA MALA 250 G,4,1.04,3.97,0.77,1,1,80.6
2018-01-11,9,GROATS_RICE_PASTA,MAKARON CZANIECKI 250G SWOJSKI,55,2.10636363636364,3.97,0.77,1,1,80.6
2018-01-11,9,GROATS_RICE_PASTA,MAKARON CZANIECKI GNIAZDKO 2,5,3.91,3.97,0.77,1,1,80.6
2018-01-11,9,GROATS_RICE_PASTA,MAKARON CZANIECKI NITECZKA WALCOW. 500GR,4,4.08,3.97,0.77,1,1,80.6
2018-01-11,9,GROATS_RICE_PASTA,MAKARON CZANIECKI NITKA WALCOWANA 500G,2,4.04,3.97,0.77,1,1,80.6
2018-01-11,9,GROATS_RICE_PASTA,MAKARON CZANIECKI RYZOWY 250 G,4,2.32,3.97,0.77,1,1,80.6
2018-01-11,9,GROATS_RICE_PASTA,MAKARON GWIAZDKI CZANIEC 250 G,7,1.04,3.97,0.77,1,1,80.6
2018-01-11,9,GROATS_RICE_PASTA,MAKARON LITERKI 250 G POLMAK,1,1.87,3.97,0.77,1,1,80.6
2018-01-11,9,GROATS_RICE_PASTA,MAKARON LUBELLA MUSZELKA DROBNA,3,2.37,3.97,0.77,1,1,80.6
2018-01-11,9,GROATS_RICE_PASTA,MAKARON MUSZLA  BARONIA 500G,2,8.98,3.97,0.77,1,1,80.6
2018-01-11,9,GROATS_RICE_PASTA,MAKARON NITKA CIETA 500G LUBELLA,3,2.37,3.97,0.77,1,1,80.6
2018-01-11,9,GROATS_RICE_PASTA,MAKARON PIORA LUBELLA 400G,4,2.69,3.97,0.77,1,1,80.6
2018-01-11,9,GROATS_RICE_PASTA,MAKARON POL MLYN 500 G NITKA DURUM,2,3.23,3.97,0.77,1,1,80.6
2018-01-11,9,GROATS_RICE_PASTA,MAKARON POL MLYN 500 G SWIDEREK DURUM,2,3.49,3.97,0.77,1,1,80.6
2018-01-11,9,GROATS_RICE_PASTA,MAKARON POL.MLYN SPAGHETTI 500G,1,3.49,3.97,0.77,1,1,80.6
2018-01-11,9,GROATS_RICE_PASTA,MAKARON SULMA GNIAZDKA 400G,2,2.02,3.97,0.77,1,1,80.6
2018-01-11,9,GROATS_RICE_PASTA,MAKARON TRADYCYJNY 250 G KLUSECZKI,6,1.76,3.97,0.77,1,1,80.6
2018-01-11,9,GROATS_RICE_PASTA,ROGAL 7 DAYS ORZECH,6,1.06,3.97,0.77,1,1,80.6
2018-01-11,9,GROATS_RICE_PASTA,RYZ SARITA BIALY DLUGOZIAR. 4x100G KAR,10,1.26,3.97,0.77,1,1,80.6
2018-01-11,9,GROATS_RICE_PASTA,RYZ SARITA BIALY PARABOILED 4x100G KAR.,2,1.66,3.97,0.77,1,1,80.6
2018-01-11,9,GROATS_RICE_PASTA,RYZ SONKO  4X100G,17,1.78882352941176,3.97,0.77,1,1,80.6
2018-01-11,9,GROATS_RICE_PASTA,RYZ SONKO BRAZOWY 4X100 GR,2,1.76,3.97,0.77,1,1,80.6
2018-01-11,9,GROATS_RICE_PASTA,SALCESON BIA?Y 125 G,5,1.74,3.97,0.77,1,1,80.6
2018-01-11,9,GROATS_RICE_PASTA,SALCESON CZARNY 125 G,2,1.74,3.97,0.77,1,1,80.6
2018-01-11,9,GROATS_RICE_PASTA,SMALEC KRUPIOWSKIE SPECJALU 170 G,2,3.75,3.97,0.77,1,1,80.6
2018-01-11,9,GROATS_RICE_PASTA,SONKO KASZA JECZMIENNA 4X100G WIEJSKA,6,1.2,3.97,0.77,1,1,80.6
2018-01-11,9,GROATS_RICE_PASTA,SONKO KASZA JECZMIENNA PERLOWA 4*100G,14,1.21928571428571,3.97,0.77,1,1,80.6
2018-01-11,9,GROATS_RICE_PASTA,SOS SPAGHETI SMIET+POMID DAWTON,2,3.15,3.97,0.77,1,1,80.6
2018-01-11,9,GROATS_RICE_PASTA,SUNBITES WIOSENNE WARZYWA,4,2.24,3.97,0.77,1,1,80.6
2018-01-11,9,GROATS_RICE_PASTA,WAFLE SUNNY 60G Z CEBULA,2,1.83,3.97,0.77,1,1,80.6
2018-01-12,12,GROATS_RICE_PASTA,KASZA GRYCZANA 4*100 G SARITA,2,1.87,0.37,-3.61,1,3,88.58
2018-01-12,12,GROATS_RICE_PASTA,KASZA JAGLANA 4*100 SARITA,2,1.31,0.37,-3.61,1,3,88.58
2018-01-12,12,GROATS_RICE_PASTA,KASZKA MANNA 400 G MELVIT,3,1.4,0.37,-3.61,1,3,88.58
2018-01-12,12,GROATS_RICE_PASTA,KRAZKI RYZOWE 60 G,5,1.54,0.37,-3.61,1,3,88.58
2018-01-12,12,GROATS_RICE_PASTA,KUPIEC KASZA MANNA 400G KG,3,2.09,0.37,-3.61,1,3,88.58
2018-01-12,12,GROATS_RICE_PASTA,LUBELLA FIT PIORA 400G,1,2.69,0.37,-3.61,1,3,88.58
2018-01-12,12,GROATS_RICE_PASTA,MAK LUBELLA KÓLKA MINI 400 G,6,2.59,0.37,-3.61,1,3,88.58
2018-01-12,12,GROATS_RICE_PASTA,MAK LUBELLA WSTAZKA 500 G 13,1,2.4,0.37,-3.61,1,3,88.58
2018-01-12,12,GROATS_RICE_PASTA,MAK SULMA NITKA ROSOLOWA 400G,5,2.11,0.37,-3.61,1,3,88.58
2018-01-12,12,GROATS_RICE_PASTA,MAK SULMA NITKA SPAGHETTI 500G,3,2.39,0.37,-3.61,1,3,88.58
2018-01-12,12,GROATS_RICE_PASTA,MAK ZLOTY LAN 500G  PENE,8,1.09,0.37,-3.61,1,3,88.58
2018-01-12,12,GROATS_RICE_PASTA,MAK ZLOTY LAN KOLANKO DUZE 500 G,8,1.04,0.37,-3.61,1,3,88.58
2018-01-12,12,GROATS_RICE_PASTA,MAK ZLOTY LAN NITKA DOMOWA 250,20,1.01,0.37,-3.61,1,3,88.58
2018-01-12,12,GROATS_RICE_PASTA,MAK ZLOTY LAN SPAGHETTI 500G,6,1.01,0.37,-3.61,1,3,88.58
2018-01-12,12,GROATS_RICE_PASTA,MAK ZLOTY LAN SWIDERKI 500 G,6,1,0.37,-3.61,1,3,88.58
2018-01-12,12,GROATS_RICE_PASTA,MAKA EXTRA WYPIEK BASIA 1 KG,1,2.12,0.37,-3.61,1,3,88.58
2018-01-12,12,GROATS_RICE_PASTA,MAKA KOSZALINSKA  STOISLAW 1KG,20,1.901,0.37,-3.61,1,3,88.58
2018-01-12,12,GROATS_RICE_PASTA,MAKA KRUPCZATKA  ZLOTY LAN TYP 450 1KG,3,1.36,0.37,-3.61,1,3,88.58
2018-01-12,12,GROATS_RICE_PASTA,MAKA KRUPCZATKA BASIA 1 KG,1,2,0.37,-3.61,1,3,88.58
2018-01-12,12,GROATS_RICE_PASTA,MAKA TORTOWA 1KG STOISLAW,24,2.18,0.37,-3.61,1,3,88.58
2018-01-12,12,GROATS_RICE_PASTA,MAKA TORTOWA BASIA 1 KG,22,1.92454545454545,0.37,-3.61,1,3,88.58
2018-01-12,12,GROATS_RICE_PASTA,MAKA WROCLAWSKA 1KG STOISLAW,6,1.91,0.37,-3.61,1,3,88.58
2018-01-12,12,GROATS_RICE_PASTA,MAKA WROCLAWSKA ZLOTY LAN TYP 500 1KG,8,1.07,0.37,-3.61,1,3,88.58
2018-01-12,12,GROATS_RICE_PASTA,MAKA ZIEMNIACZANA 500G NIECHLOW,9,1.88,0.37,-3.61,1,3,88.58
2018-01-12,12,GROATS_RICE_PASTA,MAKARON ABAK BABUNI 250G 2 JAJ,5,1.49,0.37,-3.61,1,3,88.58
2018-01-12,12,GROATS_RICE_PASTA,MAKARON ARC-POL MUSZELKA MALA 250 G,4,1.04,0.37,-3.61,1,3,88.58
2018-01-12,12,GROATS_RICE_PASTA,MAKARON CZANIECKI 250G SWOJSKI,57,2.03350877192982,0.37,-3.61,1,3,88.58
2018-01-12,12,GROATS_RICE_PASTA,MAKARON CZANIECKI NITKA WALCOWANA 500G,4,4.08,0.37,-3.61,1,3,88.58
2018-01-12,12,GROATS_RICE_PASTA,MAKARON CZANIECKI TASIEMKA WALCOW. 500G,6,4.35,0.37,-3.61,1,3,88.58
2018-01-12,12,GROATS_RICE_PASTA,MAKARON EKMAK 500G GNIAZDO WSTAZKA,1,1.8,0.37,-3.61,1,3,88.58
2018-01-12,12,GROATS_RICE_PASTA,MAKARON GOLIARD 400G NITKA,2,2.4,0.37,-3.61,1,3,88.58
2018-01-12,12,GROATS_RICE_PASTA,MAKARON GWIAZDKI CZANIEC 250 G,8,1.04,0.37,-3.61,1,3,88.58
2018-01-12,12,GROATS_RICE_PASTA,MAKARON LITERKI 250 G POLMAK,2,1.9,0.37,-3.61,1,3,88.58
2018-01-12,12,GROATS_RICE_PASTA,MAKARON LUBELL  LAZANKA  500G,3,2.4,0.37,-3.61,1,3,88.58
2018-01-12,12,GROATS_RICE_PASTA,MAKARON LUBELLA MUSZELKA DROBNA,1,2.37,0.37,-3.61,1,3,88.58
2018-01-12,12,GROATS_RICE_PASTA,MAKARON NITKA CIETA 500G LUBELLA,3,2.37,0.37,-3.61,1,3,88.58
2018-01-12,12,GROATS_RICE_PASTA,MAKARON POL MLYN 500 G NITKA DURUM,2,3.49,0.37,-3.61,1,3,88.58
2018-01-12,12,GROATS_RICE_PASTA,MAKARON POL MLYN 500 G SWIDEREK DURUM,4,3.49,0.37,-3.61,1,3,88.58
2018-01-12,12,GROATS_RICE_PASTA,MAKARON POLSKIE MLYNY 500G PENNE DURUM,4,3.49,0.37,-3.61,1,3,88.58
2018-01-12,12,GROATS_RICE_PASTA,MAKARON SULMA LAZANKA 500 G,1,2.59,0.37,-3.61,1,3,88.58
2018-01-12,12,GROATS_RICE_PASTA,MAKARON TRADYCYJNY 250 G KLUSECZKI,2,1.76,0.37,-3.61,1,3,88.58
2018-01-12,12,GROATS_RICE_PASTA,ROGAL 7 DAYS ORZECH,26,0.74,0.37,-3.61,1,3,88.58
2018-01-12,12,GROATS_RICE_PASTA,RYZ BRAZOWY 4*100G SARITA,1,1.73,0.37,-3.61,1,3,88.58
2018-01-12,12,GROATS_RICE_PASTA,RYZ SARITA BIALY DLUGOZIAR. 4x100G KAR,4,1.26,0.37,-3.61,1,3,88.58
2018-01-12,12,GROATS_RICE_PASTA,RYZ SARITA BIALY PARABOILED 4x100G KAR.,1,1.66,0.37,-3.61,1,3,88.58
2018-01-12,12,GROATS_RICE_PASTA,RYZ SONKO  4X100G,35,1.81,0.37,-3.61,1,3,88.58
2018-01-12,12,GROATS_RICE_PASTA,RYZ SONKO BRAZOWY 4X100 GR,2,1.76,0.37,-3.61,1,3,88.58
2018-01-12,12,GROATS_RICE_PASTA,SMALEC KRUPIOWSKIE SPECJALU 170 G,4,3.75,0.37,-3.61,1,3,88.58
2018-01-12,12,GROATS_RICE_PASTA,SMALEC KRUPIOWSKIE SPECJA?Y 170 G,2,3.75,0.37,-3.61,1,3,88.58
2018-01-12,12,GROATS_RICE_PASTA,SMAROWID?O 170 G,5,1.67,0.37,-3.61,1,3,88.58
2018-01-12,12,GROATS_RICE_PASTA,SONKO KASZA JECZMIENNA 4X100G WIEJSKA,10,1.2,0.37,-3.61,1,3,88.58
2018-01-12,12,GROATS_RICE_PASTA,SONKO KASZA JECZMIENNA PERLOWA 4*100G,12,1.215,0.37,-3.61,1,3,88.58
2018-01-12,12,GROATS_RICE_PASTA,TORTELINO 250 G Z MIESEM,6,4.64,0.37,-3.61,1,3,88.58
2018-01-12,12,GROATS_RICE_PASTA,WAFLE SUNNY 60G Z CEBULA,3,1.83,0.37,-3.61,1,3,88.58
2018-01-01,9,OCCASIONAL,BATERIA AA WARTA R6 1 SZT,4,0.96,-0.42,-4.84,1,2,82.81
2018-01-01,9,OCCASIONAL,BATERIA VARTA LR3 LONGLIFE 1 SZT,6,0.93,-0.42,-4.84,1,2,82.81
2018-01-01,9,OCCASIONAL,BATERIE ALKAICZ  LR 3,4,0.93,-0.42,-4.84,1,2,82.81
2018-01-01,9,OCCASIONAL,BATERIE ALKAICZ R6,31,0.93,-0.42,-4.84,1,2,82.81
2018-01-01,9,OCCASIONAL,BLOK TECHNICZNY A4,1,0.84,-0.42,-4.84,1,2,82.81
2018-01-01,9,OCCASIONAL,CHUSTECZKA HIGIENICZNA,119,0.18,-0.42,-4.84,1,2,82.81
2018-01-01,9,OCCASIONAL,DLUGOPIS NIEBIESKI,1,0.52,-0.42,-4.84,1,2,82.81
2018-01-01,9,OCCASIONAL,GUMKA DO MAZANIA,1,0.98,-0.42,-4.84,1,2,82.81
2018-01-01,9,OCCASIONAL,JOGURT FINEZJA 4*115 G,5,3.71,-0.42,-4.84,1,2,82.81
2018-01-01,9,OCCASIONAL,KLEJ BIUROWY,1,0.64,-0.42,-4.84,1,2,82.81
2018-01-01,9,OCCASIONAL,KOMPOT Z AGRESTU 820 G,1,5.81,-0.42,-4.84,1,2,82.81
2018-01-01,9,OCCASIONAL,KOMPOT Z WISNI 860 G,1,4.09,-0.42,-4.84,1,2,82.81
2018-01-01,9,OCCASIONAL,KREDKI SWIECOWE 12 SZT,1,1.15,-0.42,-4.84,1,2,82.81
2018-01-01,9,OCCASIONAL,LAURKA OKOLICZNOSCIOWA,1,0.9,-0.42,-4.84,1,2,82.81
2018-01-01,9,OCCASIONAL,MAZAKI 6 SZT,1,0.99,-0.42,-4.84,1,2,82.81
2018-01-01,9,OCCASIONAL,ORANZADKA W PROSZKU,12,0.24,-0.42,-4.84,1,2,82.81
2018-01-01,9,OCCASIONAL,REKLAMOWKA  JEDNORAZOWA,315,0.052,-0.42,-4.84,1,2,82.81
2018-01-01,9,OCCASIONAL,TABLETKI ETOPIRYNA 6 SZT,2,1.62,-0.42,-4.84,1,2,82.81
2018-01-01,9,OCCASIONAL,TORBA NA PREZENT,1,1.8,-0.42,-4.84,1,2,82.81
2018-01-01,9,OCCASIONAL,TORBA SREDNIA,2,1.54,-0.42,-4.84,1,2,82.81
2018-01-01,9,OCCASIONAL,ZAPALNICZKA ZAROWA,8,1.8,-0.42,-4.84,1,2,82.81
2018-01-01,9,OCCASIONAL,ZAROWKA 60 W,2,1.16,-0.42,-4.84,1,2,82.81
2018-01-02,8,OCCASIONAL,BATERIE ALKAICZ  LR 3,8,0.93,-3.29,-7.61,0,2,76.04
2018-01-02,8,OCCASIONAL,BOMB.MILKA I LOVE 137_5GR,2,13.06,-3.29,-7.61,0,2,76.04
2018-01-02,8,OCCASIONAL,CHUSTECZKA HIGIENICZNA,106,0.18,-3.29,-7.61,0,2,76.04
2018-01-02,8,OCCASIONAL,DLUGOPIS NIEBIESKI,1,0.52,-3.29,-7.61,0,2,76.04
2018-01-02,8,OCCASIONAL,GOLARKA POLSILWER,1,1.11,-3.29,-7.61,0,2,76.04
2018-01-02,8,OCCASIONAL,KARTKA WALENTYNKA POCZTOWKA,8,0.23,-3.29,-7.61,0,2,76.04
2018-01-02,8,OCCASIONAL,KLEJ MAGICZNY TUBA,1,2.09,-3.29,-7.61,0,2,76.04
2018-01-02,8,OCCASIONAL,KOMPOT Z AGRESTU 820 G,2,5.81,-3.29,-7.61,0,2,76.04
2018-01-02,8,OCCASIONAL,KOMPOT Z WISNI 860 G,9,4.09,-3.29,-7.61,0,2,76.04
2018-01-02,8,OCCASIONAL,LAURKA OKOLICZNOSCIOWA,1,0.9,-3.29,-7.61,0,2,76.04
2018-01-02,8,OCCASIONAL,MAZAKI 6 SZT,1,0.99,-3.29,-7.61,0,2,76.04
2018-01-02,8,OCCASIONAL,ORANZADKA W PROSZKU,8,0.24,-3.29,-7.61,0,2,76.04
2018-01-02,8,OCCASIONAL,REKLAMOWKA  JEDNORAZOWA,262,0.06,-3.29,-7.61,0,2,76.04
2018-01-02,8,OCCASIONAL,TABLETKI ETOPIRYNA 6 SZT,1,1.62,-3.29,-7.61,0,2,76.04
2018-01-02,8,OCCASIONAL,TORBA SREDNIA,2,1.54,-3.29,-7.61,0,2,76.04
2018-01-02,8,OCCASIONAL,ZAPALNICZKA ZAROWA,5,1.8,-3.29,-7.61,0,2,76.04
2018-01-02,8,OCCASIONAL,ZAROWKA 60 W,1,1.16,-3.29,-7.61,0,2,76.04
2018-01-03,9,OCCASIONAL,BATERIA AA WARTA R6 1 SZT,11,0.96,0.165,-4.03,1,2,73.23
2018-01-03,9,OCCASIONAL,BATERIE ALKAICZ  LR 3,5,0.93,0.165,-4.03,1,2,73.23
2018-01-03,9,OCCASIONAL,BOMB.MILKA I LOVE 137_5GR,1,13.06,0.165,-4.03,1,2,73.23
2018-01-03,9,OCCASIONAL,CHUSTECZKA HIGIENICZNA,27,0.18,0.165,-4.03,1,2,73.23
2018-01-03,9,OCCASIONAL,CUKIERKI OREO 86 G,1,5.74,0.165,-4.03,1,2,73.23
2018-01-03,9,OCCASIONAL,DLUGOPIS NIEBIESKI,3,0.52,0.165,-4.03,1,2,73.23
2018-01-03,9,OCCASIONAL,FARBY AKWARELOWE 12 KOL,1,2.89,0.165,-4.03,1,2,73.23
2018-01-03,9,OCCASIONAL,GOLARKA POLSILWER,9,1.11,0.165,-4.03,1,2,73.23
2018-01-03,9,OCCASIONAL,KLEJ MAGICZNY TUBA,3,2.09,0.165,-4.03,1,2,73.23
2018-01-03,9,OCCASIONAL,LAURKA OKOLICZNOSCIOWA 5,1,0.86,0.165,-4.03,1,2,73.23
2018-01-03,9,OCCASIONAL,ORANZADKA W PROSZKU,21,0.24,0.165,-4.03,1,2,73.23
2018-01-03,9,OCCASIONAL,PAPIER OZDOBNY 100*70 CM,1,0.79,0.165,-4.03,1,2,73.23
2018-01-03,9,OCCASIONAL,PONNY FANTASY,2,4.24,0.165,-4.03,1,2,73.23
2018-01-03,9,OCCASIONAL,REKLAMOWKA  JEDNORAZOWA,291,0.06,0.165,-4.03,1,2,73.23
2018-01-03,9,OCCASIONAL,TABLETKI ETOPIRYNA 6 SZT,2,1.62,0.165,-4.03,1,2,73.23
2018-01-03,9,OCCASIONAL,ZAPALNICZKA ZAROWA,1,1.8,0.165,-4.03,1,2,73.23
2018-01-03,9,OCCASIONAL,ZAROWKA 60 W,3,1.16,0.165,-4.03,1,2,73.23
2018-01-04,10,OCCASIONAL,BROS PACKI NA MUCHY,1,0.53,12.08,10.37,1,1,72.47
2018-01-04,10,OCCASIONAL,CHUSTECZKA HIGIENICZNA,71,0.15,12.08,10.37,1,1,72.47
2018-01-04,10,OCCASIONAL,DLUGOPIS NIEBIESKI,2,0.52,12.08,10.37,1,1,72.47
2018-01-04,10,OCCASIONAL,D?UGOPIS,1,0.39,12.08,10.37,1,1,72.47
2018-01-04,10,OCCASIONAL,JOGURT FINEZJA 4*115 G,1,3.71,12.08,10.37,1,1,72.47
2018-01-04,10,OCCASIONAL,LAURKA,1,2.34,12.08,10.37,1,1,72.47
2018-01-04,10,OCCASIONAL,LAURKA KOMUNIJNA,4,2.02,12.08,10.37,1,1,72.47
2018-01-04,10,OCCASIONAL,LAURKA OKOLICZNOSCIOWA,2,0.9,12.08,10.37,1,1,72.47
2018-01-04,10,OCCASIONAL,LAURKA OZDOBNA,1,0.89,12.08,10.37,1,1,72.47
2018-01-04,10,OCCASIONAL,NAP OSHE 0_75 ZERO MULTI,6,2.19,12.08,10.37,1,1,72.47
2018-01-04,10,OCCASIONAL,ORANZADKA W PROSZKU,18,0.24,12.08,10.37,1,1,72.47
2018-01-04,10,OCCASIONAL,PONNY FANTASY,6,4.24,12.08,10.37,1,1,72.47
2018-01-04,10,OCCASIONAL,REKLAMOWKA  JEDNORAZOWA,269,0.06,12.08,10.37,1,1,72.47
2018-01-04,10,OCCASIONAL,TABLETKI ETOPIRYNA 6 SZT,1,1.62,12.08,10.37,1,1,72.47
2018-01-04,10,OCCASIONAL,TORBA SREDNIA,2,1.54,12.08,10.37,1,1,72.47
2018-01-04,10,OCCASIONAL,ZAROWKA 60 W,2,1.16,12.08,10.37,1,1,72.47
2018-01-05,11,OCCASIONAL,BATERIA VARTA LR3 LONGLIFE 1 SZT,12,0.93,15.965,15.42,2,0,73.23
2018-01-05,11,OCCASIONAL,BATERIE ALKAICZ R6,15,0.93,15.965,15.42,2,0,73.23
2018-01-05,11,OCCASIONAL,BROS PACKI NA MUCHY,3,0.53,15.965,15.42,2,0,73.23
2018-01-05,11,OCCASIONAL,CHUSTECZKA HIGIENICZNA,57,0.15,15.965,15.42,2,0,73.23
2018-01-05,11,OCCASIONAL,DLUGOPIS NIEBIESKI,3,0.52,15.965,15.42,2,0,73.23
2018-01-05,11,OCCASIONAL,JOGURT FINEZJA 4*115 G,1,3.75,15.965,15.42,2,0,73.23
2018-01-05,11,OCCASIONAL,LAURKA 6,1,0.55,15.965,15.42,2,0,73.23
2018-01-05,11,OCCASIONAL,LAURKA KOMUNIJNA,22,2.02,15.965,15.42,2,0,73.23
2018-01-05,11,OCCASIONAL,LAURKA OKOLICZNOSCIOWA,4,0.9,15.965,15.42,2,0,73.23
2018-01-05,11,OCCASIONAL,ORANZADKA W PROSZKU,44,0.24,15.965,15.42,2,0,73.23
2018-01-05,11,OCCASIONAL,PONNY FANTASY,2,4.24,15.965,15.42,2,0,73.23
2018-01-05,11,OCCASIONAL,REKLAMOWKA  JEDNORAZOWA,300,0.06,15.965,15.42,2,0,73.23
2018-01-05,11,OCCASIONAL,TABLETKI ETOPIRYNA 6 SZT,2,1.73,15.965,15.42,2,0,73.23
2018-01-05,11,OCCASIONAL,TORBA NA PREZENT,1,1.82,15.965,15.42,2,0,73.23
2018-01-05,11,OCCASIONAL,TORBA SREDNIA,1,1.54,15.965,15.42,2,0,73.23
2018-01-05,11,OCCASIONAL,TOREBKA,1,3,15.965,15.42,2,0,73.23
2018-01-05,11,OCCASIONAL,TOREBKA NA PREZENT,2,2.82,15.965,15.42,2,0,73.23
2018-01-06,9,OCCASIONAL,BATERIA VARTA LR3 LONGLIFE 1 SZT,6,0.93,17.065,17.1,2,1,72.3
2018-01-06,9,OCCASIONAL,BATERIE ALKAICZ R6,3,0.93,17.065,17.1,2,1,72.3
2018-01-06,9,OCCASIONAL,BROS PACKI NA MUCHY,2,0.53,17.065,17.1,2,1,72.3
2018-01-06,9,OCCASIONAL,CHUSTECZKA HIGIENICZNA,88,0.150568181818182,17.065,17.1,2,1,72.3
2018-01-06,9,OCCASIONAL,DLUGOPIS NIEBIESKI,4,0.52,17.065,17.1,2,1,72.3
2018-01-06,9,OCCASIONAL,GOLARKA POLSILWER,2,1.11,17.065,17.1,2,1,72.3
2018-01-06,9,OCCASIONAL,GUMKA DO MAZANIA,1,0.98,17.065,17.1,2,1,72.3
2018-01-06,9,OCCASIONAL,JOGURT FINEZJA 4*115 G,3,3.75,17.065,17.1,2,1,72.3
2018-01-06,9,OCCASIONAL,KLEJ MAGICZNY TUBA,1,2.09,17.065,17.1,2,1,72.3
2018-01-06,9,OCCASIONAL,LAURKA 6,1,0.55,17.065,17.1,2,1,72.3
2018-01-06,9,OCCASIONAL,LAURKA OKOLICZNOSCIOWA,3,0.9,17.065,17.1,2,1,72.3
2018-01-06,9,OCCASIONAL,NAP OSHE 0_75 ZERO MULTI,6,2.19,17.065,17.1,2,1,72.3
2018-01-06,9,OCCASIONAL,ORANZADKA W PROSZKU,23,0.24,17.065,17.1,2,1,72.3
2018-01-06,9,OCCASIONAL,PONNY FANTASY,1,4.24,17.065,17.1,2,1,72.3
2018-01-06,9,OCCASIONAL,REKLAMOWKA  JEDNORAZOWA,265,0.056037735849057,17.065,17.1,2,1,72.3
2018-01-06,9,OCCASIONAL,ZAROWKA 60 W,5,1.16,17.065,17.1,2,1,72.3
2018-01-07,9,OCCASIONAL,BATERIE ALKAICZ R6,39,0.94,19.725,19.9,2,1,75.97
2018-01-07,9,OCCASIONAL,BROS PACKI NA MUCHY,2,0.53,19.725,19.9,2,1,75.97
2018-01-07,9,OCCASIONAL,CHUSTECZKA HIGIENICZNA,33,0.2,19.725,19.9,2,1,75.97
2018-01-07,9,OCCASIONAL,DLUGOPIS NIEBIESKI,2,0.52,19.725,19.9,2,1,75.97
2018-01-07,9,OCCASIONAL,GOLARKA POLSILWER,11,1.11,19.725,19.9,2,1,75.97
2018-01-07,9,OCCASIONAL,GUMKA DO MAZANIA,1,0.98,19.725,19.9,2,1,75.97
2018-01-07,9,OCCASIONAL,LAURKA OKOLICZNOSCIOWA,3,0.9,19.725,19.9,2,1,75.97
2018-01-07,9,OCCASIONAL,NAP OSHE 0_75 ZERO MULTI,13,1.91307692307692,19.725,19.9,2,1,75.97
2018-01-07,9,OCCASIONAL,ORANZADKA W PROSZKU,32,0.24,19.725,19.9,2,1,75.97
2018-01-07,9,OCCASIONAL,PLYTA,2,0.6,19.725,19.9,2,1,75.97
2018-01-07,9,OCCASIONAL,PONNY FANTASY,1,4.24,19.725,19.9,2,1,75.97
2018-01-07,9,OCCASIONAL,REKLAMOWKA  JEDNORAZOWA,383,0.03,19.725,19.9,2,1,75.97
2018-01-07,9,OCCASIONAL,STARTER 5 ZL,2,0.81,19.725,19.9,2,1,75.97
2018-01-07,9,OCCASIONAL,TABLETKI ETOPIRYNA 6 SZT,4,1.73,19.725,19.9,2,1,75.97
2018-01-07,9,OCCASIONAL,TORBA BUTELKA,1,1.71,19.725,19.9,2,1,75.97
2018-01-07,9,OCCASIONAL,TORBA SREDNIA,2,1.54,19.725,19.9,2,1,75.97
2018-01-07,9,OCCASIONAL,WKLAD W-5L,19,1.16,19.725,19.9,2,1,75.97
2018-01-07,9,OCCASIONAL,WKLAD W4L,3,1.54,19.725,19.9,2,1,75.97
2018-01-07,9,OCCASIONAL,ZAROWKA 60 W,1,1.16,19.725,19.9,2,1,75.97
2018-01-08,9,OCCASIONAL,BATERIE ALKAICZ R6,1,0.94,19.92,20.06,2,0,69.97
2018-01-08,9,OCCASIONAL,BROS PACKI NA MUCHY,4,0.53,19.92,20.06,2,0,69.97
2018-01-08,9,OCCASIONAL,LAURKA OKOLICZNOSCIOWA,8,0.9,19.92,20.06,2,0,69.97
2018-01-08,9,OCCASIONAL,NAP OSHE 0_75 ZERO MULTI,7,1.50428571428571,19.92,20.06,2,0,69.97
2018-01-08,9,OCCASIONAL,ORANZADKA W PROSZKU,22,0.24,19.92,20.06,2,0,69.97
2018-01-08,9,OCCASIONAL,PONNY FANTASY,2,4.24,19.92,20.06,2,0,69.97
2018-01-08,9,OCCASIONAL,REKLAMOWKA  JEDNORAZOWA,290,0.03,19.92,20.06,2,0,69.97
2018-01-08,9,OCCASIONAL,TORBA BUTELKA,1,1.71,19.92,20.06,2,0,69.97
2018-01-08,9,OCCASIONAL,TORBA SREDNIA,1,1.54,19.92,20.06,2,0,69.97
2018-01-08,9,OCCASIONAL,WKLAD W-5L,14,1.16,19.92,20.06,2,0,69.97
2018-01-08,9,OCCASIONAL,WKLAD W4L,7,1.54,19.92,20.06,2,0,69.97
2018-01-09,10,OCCASIONAL,BROS PACKI NA MUCHY,1,0.53,15.835,14.73,2,1,69.23
2018-01-09,10,OCCASIONAL,CHUSTECZKA HIGIENICZNA,59,0.17,15.835,14.73,2,1,69.23
2018-01-09,10,OCCASIONAL,CZEK ROSHEN GORZKA Z ORZECHAMI 90 G,2,2.22,15.835,14.73,2,1,69.23
2018-01-09,10,OCCASIONAL,GAZ DO ZAPALNICZEK 90 ML,1,1.64,15.835,14.73,2,1,69.23
2018-01-09,10,OCCASIONAL,GUMKA DO MAZANIA,1,0.98,15.835,14.73,2,1,69.23
2018-01-09,10,OCCASIONAL,LAURKA OKOLICZNOSCIOWA,2,0.9,15.835,14.73,2,1,69.23
2018-01-09,10,OCCASIONAL,NAP OSHE 0_75 ZERO MULTI,42,1.42666666666667,15.835,14.73,2,1,69.23
2018-01-09,10,OCCASIONAL,ORANZADKA W PROSZKU,14,0.24,15.835,14.73,2,1,69.23
2018-01-09,10,OCCASIONAL,REKLAMOWKA  JEDNORAZOWA,295,0.03,15.835,14.73,2,1,69.23
2018-01-09,10,OCCASIONAL,STARTER 5 ZL,1,0.81,15.835,14.73,2,1,69.23
2018-01-09,10,OCCASIONAL,TABLETKI ETOPIRYNA 6 SZT,1,1.73,15.835,14.73,2,1,69.23
2018-01-09,10,OCCASIONAL,TORBA BUTELKA,3,1.54666666666667,15.835,14.73,2,1,69.23
2018-01-09,10,OCCASIONAL,TUNCZYK ROZDROBNIONY W WODZIE 130 G,3,2.78,15.835,14.73,2,1,69.23
2018-01-09,10,OCCASIONAL,US?UGA MARKETINGOWA PO 3001936598,1,500,15.835,14.73,2,1,69.23
2018-01-09,10,OCCASIONAL,WKLAD DO ZNICZY,1,1.39,15.835,14.73,2,1,69.23
2018-01-09,10,OCCASIONAL,WKLAD W4L,18,1.54,15.835,14.73,2,1,69.23
2018-01-10,8,OCCASIONAL,CHUSTECZKA HIGIENICZNA,128,0.17,10.71,8.19,1,1,71.65
2018-01-10,8,OCCASIONAL,CZEK ROSHEN 90 GGORZKA POMARANCZOWA,4,2.22,10.71,8.19,1,1,71.65
2018-01-10,8,OCCASIONAL,CZEK ROSHEN GORZKA Z ORZECHAMI 90 G,1,2.22,10.71,8.19,1,1,71.65
2018-01-10,8,OCCASIONAL,GAZ DO ZAPALNICZEK 90 ML,1,1.64,10.71,8.19,1,1,71.65
2018-01-10,8,OCCASIONAL,GOLARKA POLSILWER,10,1.038,10.71,8.19,1,1,71.65
2018-01-10,8,OCCASIONAL,JAJKO BARBIE,1,3.25,10.71,8.19,1,1,71.65
2018-01-10,8,OCCASIONAL,KAWA MK 500 G,1,11.71,10.71,8.19,1,1,71.65
2018-01-10,8,OCCASIONAL,KLEJ MAGICZNY TUBA,1,2,10.71,8.19,1,1,71.65
2018-01-10,8,OCCASIONAL,LAURKA OKOLICZNOSCIOWA,3,0.9,10.71,8.19,1,1,71.65
2018-01-10,8,OCCASIONAL,NAP OSHE 0_75 ZERO MULTI,7,1.35,10.71,8.19,1,1,71.65
2018-01-10,8,OCCASIONAL,ORANZADKA W PROSZKU,37,0.142702702702703,10.71,8.19,1,1,71.65
2018-01-10,8,OCCASIONAL,REKLAMOWKA  JEDNORAZOWA,183,0.063770491803279,10.71,8.19,1,1,71.65
2018-01-10,8,OCCASIONAL,TABLETKI ETOPIRYNA 6 SZT,4,1.73,10.71,8.19,1,1,71.65
2018-01-10,8,OCCASIONAL,TORBA BUTELKA,1,1.22,10.71,8.19,1,1,71.65
2018-01-10,8,OCCASIONAL,TUNCZYK ROZDROBNIONY W WODZIE 130 G,3,2.78,10.71,8.19,1,1,71.65
2018-01-10,8,OCCASIONAL,WKLAD DO ZNICZY,16,1.32625,10.71,8.19,1,1,71.65
2018-01-10,8,OCCASIONAL,ZNICZ DUZY S-226,3,4.13,10.71,8.19,1,1,71.65
2018-01-10,8,OCCASIONAL,ZNICZ MALY S-30,8,0.8,10.71,8.19,1,1,71.65
2018-01-11,9,OCCASIONAL,CHUSTECZKA HIGIENICZNA,39,0.17,3.97,0.77,1,1,80.6
2018-01-11,9,OCCASIONAL,CZEK ROSHEN GORZKA Z ORZECHAMI 90 G,2,2.22,3.97,0.77,1,1,80.6
2018-01-11,9,OCCASIONAL,GAZ DO ZAPALNICZEK 90 ML,1,1.64,3.97,0.77,1,1,80.6
2018-01-11,9,OCCASIONAL,KLEJ MAGICZNY TUBA,4,2,3.97,0.77,1,1,80.6
2018-01-11,9,OCCASIONAL,LAURKA,1,1.2,3.97,0.77,1,1,80.6
2018-01-11,9,OCCASIONAL,NAP OSHE 0_75 ZERO MULTI,21,1.35571428571429,3.97,0.77,1,1,80.6
2018-01-11,9,OCCASIONAL,ORANZADKA W PROSZKU,17,0.14,3.97,0.77,1,1,80.6
2018-01-11,9,OCCASIONAL,REKLAMOWKA  JEDNORAZOWA,172,0.11,3.97,0.77,1,1,80.6
2018-01-11,9,OCCASIONAL,TABLETKI ETOPIRYNA 6 SZT,1,1.73,3.97,0.77,1,1,80.6
2018-01-11,9,OCCASIONAL,TORBA BUTELKA,4,1.22,3.97,0.77,1,1,80.6
2018-01-11,9,OCCASIONAL,WKLAD DO ZNICZY,15,1.05,3.97,0.77,1,1,80.6
2018-01-11,9,OCCASIONAL,ZNICZ MALY S-30,6,0.8,3.97,0.77,1,1,80.6
2018-01-12,12,OCCASIONAL,BATERIA AA WARTA R6 1 SZT,78,1.07410256410256,0.37,-3.61,1,3,88.58
2018-01-12,12,OCCASIONAL,BATERIA VARTA RL 6 PALUSZEK SUPERLIFE,48,0.77,0.37,-3.61,1,3,88.58
2018-01-12,12,OCCASIONAL,BATERIE ALKAICZ  LR 3,8,0.93,0.37,-3.61,1,3,88.58
2018-01-12,12,OCCASIONAL,BATERIE ALKAICZ R6,8,0.97,0.37,-3.61,1,3,88.58
2018-01-12,12,OCCASIONAL,BROS PACKI NA MUCHY,1,0.53,0.37,-3.61,1,3,88.58
2018-01-12,12,OCCASIONAL,CHUSTECZKA HIGIENICZNA,12,0.17,0.37,-3.61,1,3,88.58
2018-01-12,12,OCCASIONAL,CZEK ROSHEN 90 GGORZKA POMARANCZOWA,1,2.22,0.37,-3.61,1,3,88.58
2018-01-12,12,OCCASIONAL,CZEK ROSHEN GORZKA Z ORZECHAMI 90 G,1,2.22,0.37,-3.61,1,3,88.58
2018-01-12,12,OCCASIONAL,JOGURT FINEZJA 4*115 G,3,3.71,0.37,-3.61,1,3,88.58
2018-01-12,12,OCCASIONAL,KAWA MK 500 G,1,11.71,0.37,-3.61,1,3,88.58
2018-01-12,12,OCCASIONAL,KLEJ MAGICZNY TUBA,1,2,0.37,-3.61,1,3,88.58
2018-01-12,12,OCCASIONAL,NAP OSHE 0_75 ZERO MULTI,18,1.43666666666667,0.37,-3.61,1,3,88.58
2018-01-12,12,OCCASIONAL,ORANZADKA W PROSZKU,7,0.14,0.37,-3.61,1,3,88.58
2018-01-12,12,OCCASIONAL,PAPIER OZDOBNY 200*70 CM,9,1.64,0.37,-3.61,1,3,88.58
2018-01-12,12,OCCASIONAL,REKLAMOWKA  JEDNORAZOWA,125,0.1212,0.37,-3.61,1,3,88.58
2018-01-12,12,OCCASIONAL,TABLETKI ETOPIRYNA 6 SZT,1,1.73,0.37,-3.61,1,3,88.58
2018-01-12,12,OCCASIONAL,TORBA BUTELKA,2,1.22,0.37,-3.61,1,3,88.58
2018-01-12,12,OCCASIONAL,TOREBKA NA PREZENT,8,1.73,0.37,-3.61,1,3,88.58
2018-01-12,12,OCCASIONAL,TOREBKA SW DUZA,2,1.75,0.37,-3.61,1,3,88.58
2018-01-12,12,OCCASIONAL,WKLAD DO ZNICZY,33,1.05,0.37,-3.61,1,3,88.58
2018-01-12,12,OCCASIONAL,ZNICZ DUZY S-226,2,4.13,0.37,-3.61,1,3,88.58
2018-01-12,12,OCCASIONAL,ZNICZ DUZY S-279,1,4.04,0.37,-3.61,1,3,88.58
2018-01-12,12,OCCASIONAL,ZNICZ MALY S-30,3,0.8,0.37,-3.61,1,3,88.58
